ua_name,ua_code,year,unemployment_rate,ghg_emission,elec_consump
darlington,e06000005,2015,6.8,572.2088314289999,3673.119464284216
darlington,e06000005,2016,6.3,544.2658196030001,3579.292811317165
darlington,e06000005,2017,6.2,523.937332066,3483.624580729997
darlington,e06000005,2018,4.8,514.103400291,3375.89272735132
darlington,e06000005,2019,6.0,502.101536563,3360.545168604097
darlington,e06000005,2020,6.0,457.604500304,3590.29540482302
darlington,e06000005,2021,5.4,475.735283089,3357.959076348628
darlington,e06000005,2022,4.6,442.903152336,3060.526272527406
darlington,e06000005,2023,3.4,NA,3078.589564330028
darlington,e06000005,2024,4.5,NA,NA
county durham,e06000047,2015,6.7,2561.605001755,3526.77959406697
county durham,e06000047,2016,6.0,2432.070701821,3403.423796726146
county durham,e06000047,2017,5.7,2373.963390752,3294.471059201681
county durham,e06000047,2018,4.4,2357.198678914,3189.988505003875
county durham,e06000047,2019,5.4,2245.490171423,3176.325530833572
county durham,e06000047,2020,5.9,2030.73279376,3326.668714631947
county durham,e06000047,2021,5.5,2132.482375165,3119.954995914735
county durham,e06000047,2022,4.2,2006.799361735,2845.41163853082
county durham,e06000047,2023,3.6,NA,2899.050778993811
county durham,e06000047,2024,4.0,NA,NA
hartlepool,e06000001,2015,9.7,493.885946591,3450.995203880711
hartlepool,e06000001,2016,9.3,457.621034232,3343.588522839968
hartlepool,e06000001,2017,9.6,442.859884371,3227.728291827046
hartlepool,e06000001,2018,8.3,430.894717185,3150.22309334465
hartlepool,e06000001,2019,8.4,418.445962122,3104.975128260214
hartlepool,e06000001,2020,7.7,403.848789222,3239.550129833396
hartlepool,e06000001,2021,7.0,438.718482681,3067.764939160073
hartlepool,e06000001,2022,6.2,384.11435929,2809.859523205056
hartlepool,e06000001,2023,4.6,NA,2842.523695700272
hartlepool,e06000001,2024,4.8,NA,NA
middlesbrough,e06000002,2015,11.0,713.233323731,3586.784651139029
middlesbrough,e06000002,2016,9.1,670.190279646,3465.618136652102
middlesbrough,e06000002,2017,7.9,645.182240187,3359.44138281305
middlesbrough,e06000002,2018,7.3,656.22699515,3283.267340192754
middlesbrough,e06000002,2019,7.1,623.861148956,3255.078285824284
middlesbrough,e06000002,2020,7.5,561.492941727,3411.119039437242
middlesbrough,e06000002,2021,7.5,576.266270397,3275.670574803941
middlesbrough,e06000002,2022,6.0,570.2202166970001,3057.773217520163
middlesbrough,e06000002,2023,5.1,NA,3126.556041169897
middlesbrough,e06000002,2024,6.4,NA,NA
northumberland,e06000057,2015,6.2,1908.908369651,4118.771204356769
northumberland,e06000057,2016,5.5,1848.382084901,3980.83801357622
northumberland,e06000057,2017,5.3,1806.332904578,3891.710279966112
northumberland,e06000057,2018,4.1,1796.252484407,3768.938959387957
northumberland,e06000057,2019,4.8,1714.360024535,3743.832839045454
northumberland,e06000057,2020,5.2,1534.687111259,3906.063407856785
northumberland,e06000057,2021,5.1,1643.302370461,3712.539292995492
northumberland,e06000057,2022,4.4,1545.638872189,3354.907766054906
northumberland,e06000057,2023,3.5,NA,3417.13308463291
northumberland,e06000057,2024,4.0,NA,NA
redcar and cleveland,e06000003,2015,8.6,845.541251547,3482.938633319124
redcar and cleveland,e06000003,2016,8.5,730.98046575,3371.654659032725
redcar and cleveland,e06000003,2017,7.0,691.080016537,3257.240349387149
redcar and cleveland,e06000003,2018,5.2,731.012267001,3143.942510988686
redcar and cleveland,e06000003,2019,5.6,719.328587698,3101.788792976039
redcar and cleveland,e06000003,2020,6.6,673.10246898,3244.773472242092
redcar and cleveland,e06000003,2021,6.0,730.798956107,3041.429965313054
redcar and cleveland,e06000003,2022,4.2,666.786109557,2744.537854558022
redcar and cleveland,e06000003,2023,3.6,NA,2813.608707692073
redcar and cleveland,e06000003,2024,4.4,NA,NA
stockton-on-tees,e06000004,2015,7.0,1291.532893913,3625.911482857411
stockton-on-tees,e06000004,2016,6.6,1163.018836312,3515.455583497046
stockton-on-tees,e06000004,2017,6.3,1178.438975844,3398.524546657321
stockton-on-tees,e06000004,2018,4.8,1148.730406485,3303.379685159574
stockton-on-tees,e06000004,2019,6.2,1125.431502006,3262.771717367338
stockton-on-tees,e06000004,2020,5.8,993.773581698,3459.115162479345
stockton-on-tees,e06000004,2021,5.5,1060.652463589,3268.528373714192
stockton-on-tees,e06000004,2022,4.9,909.658841098,2980.89707821706
stockton-on-tees,e06000004,2023,4.1,NA,3027.357879561615
stockton-on-tees,e06000004,2024,4.2,NA,NA
gateshead,e08000037,2015,7.1,1153.891172125,3408.106658440281
gateshead,e08000037,2016,6.2,1094.117495694,3286.166680399306
gateshead,e08000037,2017,6.1,1049.056458934,3191.841398682497
gateshead,e08000037,2018,4.7,1040.578220447,3095.848030794184
gateshead,e08000037,2019,5.2,1002.802258024,3068.816590224629
gateshead,e08000037,2020,6.1,885.965125049,3202.235888416836
gateshead,e08000037,2021,6.2,930.609484648,3009.172492794399
gateshead,e08000037,2022,4.6,865.843951987,2762.242782760535
gateshead,e08000037,2023,4.1,NA,2794.914420432679
gateshead,e08000037,2024,4.1,NA,NA
newcastle upon tyne,e08000021,2015,8.7,1440.688186863,3585.8883380627108
newcastle upon tyne,e08000021,2016,7.2,1343.477534615,3441.699439315294
newcastle upon tyne,e08000021,2017,7.0,1287.527750987,3343.911251947783
newcastle upon tyne,e08000021,2018,6.2,1281.789925928,3205.233100718074
newcastle upon tyne,e08000021,2019,5.4,1211.943903179,3183.186652852828
newcastle upon tyne,e08000021,2020,7.0,1072.790944526,3337.661888496019
newcastle upon tyne,e08000021,2021,7.2,1145.204892288,3185.756069097524
newcastle upon tyne,e08000021,2022,5.5,1083.735886322,2995.12845060163
newcastle upon tyne,e08000021,2023,5.2,NA,3041.806983428571
newcastle upon tyne,e08000021,2024,6.3,NA,NA
north tyneside,e08000022,2015,6.3,984.144805906,3390.32577237767
north tyneside,e08000022,2016,5.9,916.458442183,3278.408846495165
north tyneside,e08000022,2017,5.4,883.406653705,3179.086460281573
north tyneside,e08000022,2018,4.9,868.17609854,3068.377479807329
north tyneside,e08000022,2019,4.3,846.31616841,3042.050505972994
north tyneside,e08000022,2020,5.3,774.934372656,3193.694813254409
north tyneside,e08000022,2021,5.8,808.536572139,2971.270685725509
north tyneside,e08000022,2022,5.1,748.482153486,2712.180917442503
north tyneside,e08000022,2023,3.5,NA,2747.674140373775
north tyneside,e08000022,2024,4.4,NA,NA
south tyneside,e08000023,2015,8.3,589.837707615,3249.993641982072
south tyneside,e08000023,2016,8.5,546.397155321,3127.091602083359
south tyneside,e08000023,2017,7.7,527.535650971,3013.278883025121
south tyneside,e08000023,2018,6.4,515.871568743,2917.299652217869
south tyneside,e08000023,2019,7.0,492.257806151,2879.548975387754
south tyneside,e08000023,2020,8.3,440.95224283,2988.988824730368
south tyneside,e08000023,2021,6.6,461.913487372,2789.758054410709
south tyneside,e08000023,2022,5.8,437.872461609,2526.622044301308
south tyneside,e08000023,2023,6.7,NA,2567.646084748853
south tyneside,e08000023,2024,5.6,NA,NA
sunderland,e08000024,2015,8.5,1435.326922858,3441.964083110145
sunderland,e08000024,2016,7.0,1335.640766301,3325.301223615777
sunderland,e08000024,2017,7.1,1299.759687804,3223.493333817484
sunderland,e08000024,2018,5.6,1254.823549076,3118.685410599539
sunderland,e08000024,2019,7.0,1184.500123993,3095.052735497778
sunderland,e08000024,2020,6.3,1046.218297809,3229.923171979599
sunderland,e08000024,2021,6.5,1100.333353382,3038.142057719951
sunderland,e08000024,2022,4.5,1046.14527671,2806.859857653146
sunderland,e08000024,2023,4.0,NA,2853.438575099079
sunderland,e08000024,2024,4.0,NA,NA
blackburn with darwen,e06000008,2015,7.4,660.394313077,3841.559573966724
blackburn with darwen,e06000008,2016,6.5,614.095754766,3695.707744333643
blackburn with darwen,e06000008,2017,6.2,615.396587632,3687.706667255794
blackburn with darwen,e06000008,2018,5.4,597.138509087,3553.139129903025
blackburn with darwen,e06000008,2019,4.8,569.694076883,3518.745481502167
blackburn with darwen,e06000008,2020,5.7,518.358717126,3707.694713566263
blackburn with darwen,e06000008,2021,5.9,539.483690235,3478.212102677104
blackburn with darwen,e06000008,2022,5.6,479.351500074,3216.477604186194
blackburn with darwen,e06000008,2023,4.7,NA,3351.111090950007
blackburn with darwen,e06000008,2024,5.5,NA,NA
blackpool,e06000009,2015,7.0,594.110858002,4010.249994445124
blackpool,e06000009,2016,6.6,547.94952683,3857.403114268249
blackpool,e06000009,2017,5.9,527.406675507,3798.835237549724
blackpool,e06000009,2018,6.0,529.043253467,3680.866108024891
blackpool,e06000009,2019,5.6,519.165125279,3620.193461504771
blackpool,e06000009,2020,4.8,458.407162024,3786.965405105467
blackpool,e06000009,2021,6.1,484.131062916,3508.15938077303
blackpool,e06000009,2022,6.6,442.161690139,3222.971814370389
blackpool,e06000009,2023,4.2,NA,3307.154037875893
blackpool,e06000009,2024,4.6,NA,NA
cheshire east,e06000049,2015,3.8,2277.154080918,4316.91782177663
cheshire east,e06000049,2016,3.3,2186.986988682,4225.830877190047
cheshire east,e06000049,2017,3.3,2135.607605424,4144.402901595899
cheshire east,e06000049,2018,3.1,2132.7987636499997,4043.590976647901
cheshire east,e06000049,2019,2.9,2048.049317388,4033.578134089415
cheshire east,e06000049,2020,3.3,1870.98180906,4280.757476755598
cheshire east,e06000049,2021,3.9,1958.26139274,4069.548779431183
cheshire east,e06000049,2022,3.2,1807.366241026,3667.23874653644
cheshire east,e06000049,2023,2.5,NA,3783.074193505384
cheshire east,e06000049,2024,2.8,NA,NA
cheshire west and chester,e06000050,2015,4.3,2252.313824532,4063.755446801742
cheshire west and chester,e06000050,2016,3.9,2109.059668164,3986.541610942084
cheshire west and chester,e06000050,2017,4.0,2011.034323223,3878.609484027215
cheshire west and chester,e06000050,2018,3.7,1974.375151967,3785.204213450874
cheshire west and chester,e06000050,2019,3.2,1859.814933258,3747.103132948182
cheshire west and chester,e06000050,2020,3.3,1753.126132027,3970.343513213784
cheshire west and chester,e06000050,2021,3.5,1794.875278363,3711.551323261376
cheshire west and chester,e06000050,2022,3.4,1658.11607254,3357.335784122058
cheshire west and chester,e06000050,2023,3.0,NA,3446.661988537713
cheshire west and chester,e06000050,2024,2.5,NA,NA
halton,e06000006,2015,5.6,714.275368849,3629.636034814998
halton,e06000006,2016,5.2,673.875798471,3513.449748480888
halton,e06000006,2017,5.0,641.49612023,3418.942044858109
halton,e06000006,2018,4.6,657.247896867,3313.774462463298
halton,e06000006,2019,3.7,614.938024055,3278.190247011512
halton,e06000006,2020,4.2,563.679442451,3428.256489732634
halton,e06000006,2021,4.3,587.576960826,3213.463473435853
halton,e06000006,2022,3.7,539.995136602,2862.313381152067
halton,e06000006,2023,2.9,NA,2971.606221001384
halton,e06000006,2024,4.7,NA,NA
warrington,e06000007,2015,4.8,1097.457571614,3773.245956439339
warrington,e06000007,2016,4.0,1050.325419553,3651.06447408194
warrington,e06000007,2017,3.7,1000.527864986,3544.05260278723
warrington,e06000007,2018,3.9,994.532307794,3443.78054895891
warrington,e06000007,2019,3.4,966.010674823,3405.139161909669
warrington,e06000007,2020,3.1,871.580625415,3593.970226789784
warrington,e06000007,2021,3.6,942.573986042,3405.168219015779
warrington,e06000007,2022,3.4,873.359741865,3088.352213463559
warrington,e06000007,2023,2.4,NA,3195.336972349122
warrington,e06000007,2024,2.7,NA,NA
allerdale,e07000026,2015,4.3,NA,NA
allerdale,e07000026,2016,4.1,NA,NA
allerdale,e07000026,2017,3.6,NA,NA
allerdale,e07000026,2018,3.5,NA,NA
allerdale,e07000026,2019,3.1,NA,NA
allerdale,e07000026,2020,3.3,NA,NA
allerdale,e07000026,2021,4.0,NA,NA
allerdale,e07000026,2022,3.2,NA,NA
allerdale,e07000026,2023,2.9,NA,NA
allerdale,e07000026,2024,2.9,NA,NA
barrow-in-furness,e07000027,2015,6.8,NA,NA
barrow-in-furness,e07000027,2016,6.0,NA,NA
barrow-in-furness,e07000027,2017,4.9,NA,NA
barrow-in-furness,e07000027,2018,4.5,NA,NA
barrow-in-furness,e07000027,2019,4.4,NA,NA
barrow-in-furness,e07000027,2020,4.7,NA,NA
barrow-in-furness,e07000027,2021,4.2,NA,NA
barrow-in-furness,e07000027,2022,4.6,NA,NA
barrow-in-furness,e07000027,2023,2.9,NA,NA
barrow-in-furness,e07000027,2024,3.4,NA,NA
carlisle,e07000028,2015,3.4,NA,NA
carlisle,e07000028,2016,3.8,NA,NA
carlisle,e07000028,2017,3.6,NA,NA
carlisle,e07000028,2018,3.0,NA,NA
carlisle,e07000028,2019,2.7,NA,NA
carlisle,e07000028,2020,3.1,NA,NA
carlisle,e07000028,2021,3.5,NA,NA
carlisle,e07000028,2022,3.2,NA,NA
carlisle,e07000028,2023,2.5,NA,NA
carlisle,e07000028,2024,3.0,NA,NA
copeland,e07000029,2015,5.4,NA,NA
copeland,e07000029,2016,5.2,NA,NA
copeland,e07000029,2017,4.8,NA,NA
copeland,e07000029,2018,4.0,NA,NA
copeland,e07000029,2019,3.4,NA,NA
copeland,e07000029,2020,3.3,NA,NA
copeland,e07000029,2021,3.1,NA,NA
copeland,e07000029,2022,3.0,NA,NA
copeland,e07000029,2023,2.5,NA,NA
copeland,e07000029,2024,3.0,NA,NA
eden,e07000030,2015,2.0,NA,NA
eden,e07000030,2016,2.1,NA,NA
eden,e07000030,2017,2.1,NA,NA
eden,e07000030,2018,1.9,NA,NA
eden,e07000030,2019,1.6,NA,NA
eden,e07000030,2020,2.3,NA,NA
eden,e07000030,2021,2.6,NA,NA
eden,e07000030,2022,2.7,NA,NA
eden,e07000030,2023,2.0,NA,NA
eden,e07000030,2024,2.3,NA,NA
south lakeland,e07000031,2015,2.2,NA,NA
south lakeland,e07000031,2016,2.3,NA,NA
south lakeland,e07000031,2017,2.0,NA,NA
south lakeland,e07000031,2018,1.8,NA,NA
south lakeland,e07000031,2019,1.7,NA,NA
south lakeland,e07000031,2020,2.5,NA,NA
south lakeland,e07000031,2021,3.0,NA,NA
south lakeland,e07000031,2022,2.7,NA,NA
south lakeland,e07000031,2023,2.0,NA,NA
south lakeland,e07000031,2024,2.4,NA,NA
bolton,e08000001,2015,6.7,1237.826664833,3856.426115393922
bolton,e08000001,2016,6.1,1160.488098493,3715.713542463036
bolton,e08000001,2017,5.5,1129.743174153,3676.895004954165
bolton,e08000001,2018,5.3,1128.102534585,3530.622684735249
bolton,e08000001,2019,4.9,1086.011294339,3479.703203696713
bolton,e08000001,2020,5.9,979.590260991,3637.861973363959
bolton,e08000001,2021,5.7,1004.975227816,3434.376641020601
bolton,e08000001,2022,5.6,927.60731543,3126.8511603423
bolton,e08000001,2023,4.9,NA,3228.147666740359
bolton,e08000001,2024,5.3,NA,NA
bury,e08000002,2015,6.4,817.447551256,3925.281753523988
bury,e08000002,2016,5.2,764.813456704,3778.919114517828
bury,e08000002,2017,4.6,732.210661329,3707.381724595642
bury,e08000002,2018,3.9,735.317172592,3583.862052324752
bury,e08000002,2019,4.5,705.388545396,3529.910551141105
bury,e08000002,2020,4.0,630.007893124,3693.776626629213
bury,e08000002,2021,4.7,658.571517602,3461.236269106354
bury,e08000002,2022,3.8,576.22266728,3139.534410559691
bury,e08000002,2023,3.0,NA,3250.6967501416502
bury,e08000002,2024,4.0,NA,NA
manchester,e08000003,2015,8.3,2369.732103189,3874.451033565985
manchester,e08000003,2016,7.1,2171.472715624,3730.588760901762
manchester,e08000003,2017,6.7,2067.429774396,3742.951090162061
manchester,e08000003,2018,4.9,2050.82915872,3634.652167258545
manchester,e08000003,2019,5.5,1977.744563889,3640.281765708018
manchester,e08000003,2020,6.3,1734.861106004,3810.439343421999
manchester,e08000003,2021,6.9,1817.397848925,3705.128052046883
manchester,e08000003,2022,6.7,1712.386877189,3474.96846456678
manchester,e08000003,2023,4.7,NA,3588.36742234856
manchester,e08000003,2024,6.5,NA,NA
oldham,e08000004,2015,8.1,877.905230888,3696.991143779932
oldham,e08000004,2016,6.3,827.626321219,3532.157545107711
oldham,e08000004,2017,6.0,796.942800133,3517.699025746253
oldham,e08000004,2018,5.5,829.1750517190001,3377.154778374929
oldham,e08000004,2019,4.8,769.610552914,3339.139969118127
oldham,e08000004,2020,4.7,706.337238111,3470.842975268562
oldham,e08000004,2021,6.1,763.441937779,3256.89929760237
oldham,e08000004,2022,5.3,684.208705932,2965.04814821356
oldham,e08000004,2023,4.3,NA,3060.626233005904
oldham,e08000004,2024,5.2,NA,NA
rochdale,e08000005,2015,7.3,906.695036515,3752.866914673916
rochdale,e08000005,2016,7.3,837.1201048290001,3613.667577310834
rochdale,e08000005,2017,6.1,811.833442201,3560.455147980692
rochdale,e08000005,2018,5.2,823.649744999,3436.758084785561
rochdale,e08000005,2019,5.7,779.856302108,3381.3228649311
rochdale,e08000005,2020,4.8,705.857837753,3520.752145183668
rochdale,e08000005,2021,6.3,735.889968796,3300.275890296843
rochdale,e08000005,2022,5.7,675.483633227,2994.332060911411
rochdale,e08000005,2023,4.4,NA,3094.035929373551
rochdale,e08000005,2024,5.2,NA,NA
salford,e08000006,2015,6.9,1086.555910327,3922.554368564472
salford,e08000006,2016,6.4,1019.273084025,3818.053358528868
salford,e08000006,2017,5.5,971.528784899,3818.610116934416
salford,e08000006,2018,5.0,1000.599038789,3717.577254067899
salford,e08000006,2019,4.2,952.928844931,3719.657874125226
salford,e08000006,2020,4.9,864.338912186,3930.063568246812
salford,e08000006,2021,5.5,917.382427658,3823.383395646597
salford,e08000006,2022,5.4,829.495113328,3541.877543692886
salford,e08000006,2023,5.1,NA,3686.404307625862
salford,e08000006,2024,5.0,NA,NA
stockport,e08000007,2015,5.1,1245.253307086,3977.265499096078
stockport,e08000007,2016,4.2,1159.594283834,3846.676417100241
stockport,e08000007,2017,4.2,1133.716502456,3784.480320183481
stockport,e08000007,2018,3.3,1121.49939046,3667.053721394055
stockport,e08000007,2019,3.4,1097.244053249,3641.079402644199
stockport,e08000007,2020,3.6,986.398466114,3824.59963468131
stockport,e08000007,2021,4.5,1014.281169278,3612.224838965277
stockport,e08000007,2022,4.2,945.885520768,3267.973135131133
stockport,e08000007,2023,3.2,NA,3371.243246995487
stockport,e08000007,2024,3.1,NA,NA
tameside,e08000008,2015,5.5,887.592567726,3697.007369659929
tameside,e08000008,2016,5.8,836.5116751420001,3563.790140632477
tameside,e08000008,2017,5.3,807.511863309,3513.503032176647
tameside,e08000008,2018,4.6,797.17811913,3389.156294005687
tameside,e08000008,2019,4.2,756.891356049,3341.372113377642
tameside,e08000008,2020,4.5,694.049741368,3487.634353976239
tameside,e08000008,2021,4.4,726.740259227,3263.880390509154
tameside,e08000008,2022,3.9,655.275449553,2963.648023941543
tameside,e08000008,2023,3.3,NA,3080.515668950286
tameside,e08000008,2024,4.3,NA,NA
trafford,e08000009,2015,4.7,1405.317521765,4051.171344455018
trafford,e08000009,2016,3.7,1326.673321888,3953.045530104525
trafford,e08000009,2017,3.7,1275.41662958,3908.951241989332
trafford,e08000009,2018,3.9,1271.129482951,3780.421253340262
trafford,e08000009,2019,3.5,1261.97887052,3747.022166290501
trafford,e08000009,2020,3.3,1047.691659913,3966.186456078545
trafford,e08000009,2021,4.2,1190.326114204,3777.321265666598
trafford,e08000009,2022,3.8,1084.076473214,3428.136616705396
trafford,e08000009,2023,3.2,NA,3544.073101028832
trafford,e08000009,2024,2.9,NA,NA
wigan,e08000010,2015,5.1,1325.87110003,3606.56548742028
wigan,e08000010,2016,5.1,1231.422687202,3487.936025982252
wigan,e08000010,2017,4.4,1191.878588547,3425.292252072177
wigan,e08000010,2018,4.1,1190.966967111,3321.626519452907
wigan,e08000010,2019,3.4,1136.920566942,3286.83504720323
wigan,e08000010,2020,4.2,1057.964525443,3462.276650435617
wigan,e08000010,2021,4.4,1099.299860135,3247.381611413357
wigan,e08000010,2022,3.7,1010.394779929,2943.324483899128
wigan,e08000010,2023,3.2,NA,3048.268691064284
wigan,e08000010,2024,3.5,NA,NA
burnley,e07000117,2015,6.7,426.059846286,3751.193482726169
burnley,e07000117,2016,5.7,396.501174798,3603.52443649274
burnley,e07000117,2017,5.5,389.799277242,3601.235817758753
burnley,e07000117,2018,5.3,382.428286342,3460.67857820403
burnley,e07000117,2019,5.8,396.666478297,3414.001802606888
burnley,e07000117,2020,5.0,344.757654404,3570.551421574235
burnley,e07000117,2021,6.2,353.981024663,3328.699057901428
burnley,e07000117,2022,4.8,327.036633252,3040.714975848524
burnley,e07000117,2023,4.1,NA,3164.336846962638
burnley,e07000117,2024,4.3,NA,NA
chorley,e07000118,2015,3.5,486.997683404,3988.88796817501
chorley,e07000118,2016,3.8,461.630860597,3828.551586439261
chorley,e07000118,2017,3.5,448.236486027,3764.689497540194
chorley,e07000118,2018,2.8,453.90690963,3624.89864788456
chorley,e07000118,2019,3.0,434.64145594,3572.989744507385
chorley,e07000118,2020,3.2,391.387546179,3777.727567711819
chorley,e07000118,2021,4.3,416.059171128,3511.944660866522
chorley,e07000118,2022,3.4,381.698411105,3126.877415410816
chorley,e07000118,2023,2.9,NA,3225.445060456308
chorley,e07000118,2024,2.6,NA,NA
fylde,e07000119,2015,3.3,452.097838376,4245.6745745918
fylde,e07000119,2016,3.6,429.781837512,4099.926524104668
fylde,e07000119,2017,3.2,411.538759939,4042.103597145658
fylde,e07000119,2018,2.5,416.233739499,3869.503446626774
fylde,e07000119,2019,2.2,400.477997342,3803.239984830128
fylde,e07000119,2020,3.1,356.571716054,4056.90234298717
fylde,e07000119,2021,4.0,365.782200829,3728.483248203088
fylde,e07000119,2022,4.0,349.253855635,3355.920357743621
fylde,e07000119,2023,2.5,NA,3421.798278265852
fylde,e07000119,2024,3.4,NA,NA
hyndburn,e07000120,2015,6.9,380.479904888,3653.950819113329
hyndburn,e07000120,2016,5.2,347.83549498,3486.949554239568
hyndburn,e07000120,2017,5.2,343.018321659,3447.267164822571
hyndburn,e07000120,2018,4.6,350.424873997,3297.529410246189
hyndburn,e07000120,2019,4.2,350.202755208,3244.471531828927
hyndburn,e07000120,2020,4.4,317.939923664,3414.523746701384
hyndburn,e07000120,2021,5.2,345.8054551,3173.379795504482
hyndburn,e07000120,2022,5.0,307.51506538900003,2896.776944736176
hyndburn,e07000120,2023,3.9,NA,3007.652336076346
hyndburn,e07000120,2024,4.9,NA,NA
lancaster,e07000121,2015,4.9,676.158193903,4010.409146347736
lancaster,e07000121,2016,4.5,629.384420349,3887.263229182533
lancaster,e07000121,2017,4.7,610.940971541,3890.885665092343
lancaster,e07000121,2018,4.6,625.973013088,3706.443047486267
lancaster,e07000121,2019,4.2,604.665753786,3658.277019503244
lancaster,e07000121,2020,3.8,540.145190796,3841.249539495504
lancaster,e07000121,2021,5.1,574.439103745,3602.188174620188
lancaster,e07000121,2022,4.3,531.360016072,3244.812374915973
lancaster,e07000121,2023,3.5,NA,3347.265144975296
lancaster,e07000121,2024,3.8,NA,NA
pendle,e07000122,2015,5.5,448.181327779,3758.284285809694
pendle,e07000122,2016,4.6,419.10406434,3602.866029306485
pendle,e07000122,2017,4.6,406.594088419,3578.401253537119
pendle,e07000122,2018,4.7,399.907617168,3435.875804812039
pendle,e07000122,2019,3.7,386.232950196,3364.482402646056
pendle,e07000122,2020,4.7,341.716994612,3511.704662384378
pendle,e07000122,2021,4.8,357.833051971,3306.495417788097
pendle,e07000122,2022,5.6,329.839452917,3023.772400304656
pendle,e07000122,2023,6.7,NA,3150.897227364614
pendle,e07000122,2024,7.4,NA,NA
preston,e07000123,2015,5.8,637.76255155,3878.53464400146
preston,e07000123,2016,5.5,593.092162192,3757.845420973901
preston,e07000123,2017,5.1,569.866148346,3735.319023335325
preston,e07000123,2018,4.2,576.405538011,3619.952704075471
preston,e07000123,2019,3.8,551.948909652,3594.80633952801
preston,e07000123,2020,4.2,541.257661146,3829.43508794864
preston,e07000123,2021,5.4,538.78058104,3645.807406141071
preston,e07000123,2022,5.3,496.107872709,3403.183692681535
preston,e07000123,2023,4.0,NA,3571.060312313933
preston,e07000123,2024,5.1,NA,NA
ribble valley,e07000124,2015,3.0,454.823916874,4546.489716260373
ribble valley,e07000124,2016,2.5,422.098246702,4369.090728498136
ribble valley,e07000124,2017,2.4,406.406917676,4379.855479705854
ribble valley,e07000124,2018,2.6,411.513351045,4197.993662239704
ribble valley,e07000124,2019,2.0,390.9880084,4216.688984176357
ribble valley,e07000124,2020,2.2,353.94372813,4498.910023374494
ribble valley,e07000124,2021,2.9,377.104088282,4232.23569135711
ribble valley,e07000124,2022,2.7,343.856625774,3783.337509195031
ribble valley,e07000124,2023,1.9,NA,3886.333735450105
ribble valley,e07000124,2024,2.1,NA,NA
rossendale,e07000125,2015,4.9,421.314403443,4068.009985547376
rossendale,e07000125,2016,5.1,389.818977874,3902.545392277089
rossendale,e07000125,2017,4.0,372.866270808,3898.719228220109
rossendale,e07000125,2018,4.1,367.336296277,3737.261700941202
rossendale,e07000125,2019,3.1,358.475553661,3678.802796090005
rossendale,e07000125,2020,3.7,322.589910641,3843.195819621992
rossendale,e07000125,2021,3.5,341.982197644,3543.052105195919
rossendale,e07000125,2022,3.9,310.944657309,3217.635572749734
rossendale,e07000125,2023,2.9,NA,3332.537701001791
rossendale,e07000125,2024,3.5,NA,NA
south ribble,e07000126,2015,4.5,553.807420644,3950.155730159221
south ribble,e07000126,2016,3.2,516.330709668,3795.539738036779
south ribble,e07000126,2017,3.3,507.78310216,3754.227549623051
south ribble,e07000126,2018,3.4,495.288826777,3612.784067988549
south ribble,e07000126,2019,2.8,477.958055505,3579.548003608817
south ribble,e07000126,2020,2.9,429.914330029,3787.575369622909
south ribble,e07000126,2021,3.2,442.016936988,3522.424868810462
south ribble,e07000126,2022,3.3,408.428920631,3182.675162147043
south ribble,e07000126,2023,2.3,NA,3332.638645057496
south ribble,e07000126,2024,3.1,NA,NA
west lancashire,e07000127,2015,5.5,655.137105049,4329.311915978789
west lancashire,e07000127,2016,4.4,609.59468507,4166.088500901014
west lancashire,e07000127,2017,4.6,616.753198625,4102.835220181225
west lancashire,e07000127,2018,4.7,655.301606237,3980.076763379499
west lancashire,e07000127,2019,3.9,641.17341963,3955.4777384618
west lancashire,e07000127,2020,3.3,584.265388076,4161.653825455949
west lancashire,e07000127,2021,4.1,622.605292372,3960.215560021363
west lancashire,e07000127,2022,4.6,567.75243118,3585.519315963346
west lancashire,e07000127,2023,3.9,NA,3717.487527644275
west lancashire,e07000127,2024,3.3,NA,NA
wyre,e07000128,2015,3.8,593.387003847,4119.792156972027
wyre,e07000128,2016,4.0,549.87132312,3956.461220559524
wyre,e07000128,2017,3.9,532.840062422,3899.202425454222
wyre,e07000128,2018,3.2,534.223753716,3748.401094753533
wyre,e07000128,2019,2.6,505.164444903,3711.83658413837
wyre,e07000128,2020,3.7,468.783814087,3912.34027896102
wyre,e07000128,2021,3.9,498.049238777,3644.987663081427
wyre,e07000128,2022,4.4,454.375001355,3275.495624820507
wyre,e07000128,2023,3.4,NA,3386.038061048901
wyre,e07000128,2024,2.9,NA,NA
knowsley,e08000011,2015,7.4,834.182554325,3727.570087543726
knowsley,e08000011,2016,5.9,779.908867546,3586.042792900506
knowsley,e08000011,2017,4.6,746.779422582,3473.106506985649
knowsley,e08000011,2018,3.6,714.096113754,3370.385140122673
knowsley,e08000011,2019,3.8,683.308315864,3348.527933552878
knowsley,e08000011,2020,3.5,599.121139255,3476.040460628284
knowsley,e08000011,2021,4.3,658.801205316,3281.496313855301
knowsley,e08000011,2022,3.2,580.07899895,2999.925512436369
knowsley,e08000011,2023,3.6,NA,3111.640965560105
knowsley,e08000011,2024,4.8,NA,NA
liverpool,e08000012,2015,9.3,2147.684695427,3412.752377342974
liverpool,e08000012,2016,6.5,2005.93553561,3295.359392141167
liverpool,e08000012,2017,5.8,1949.673185779,3208.890819207694
liverpool,e08000012,2018,4.5,1932.445248925,3129.61081728454
liverpool,e08000012,2019,4.2,1860.808678019,3059.610519365367
liverpool,e08000012,2020,4.2,1654.602458997,3188.951746692989
liverpool,e08000012,2021,5.3,1717.416877359,3010.766978936846
liverpool,e08000012,2022,3.8,1578.025982033,2778.543639778061
liverpool,e08000012,2023,5.7,NA,2854.731889175335
liverpool,e08000012,2024,5.7,NA,NA
sefton,e08000014,2015,5.3,1199.47566114,3832.270755566507
sefton,e08000014,2016,4.9,1117.143262158,3705.502090829371
sefton,e08000014,2017,4.6,1053.385342293,3592.155284023698
sefton,e08000014,2018,3.6,1064.50837861,3485.612308356325
sefton,e08000014,2019,3.0,1042.234806709,3436.62132649767
sefton,e08000014,2020,3.2,940.849032607,3610.761141649921
sefton,e08000014,2021,4.0,986.904995013,3379.211454677161
sefton,e08000014,2022,3.3,900.746886103,3066.445181262942
sefton,e08000014,2023,3.0,NA,3153.084690531957
sefton,e08000014,2024,4.1,NA,NA
st. helens,e08000013,2015,7.0,938.88269272,3589.820364444202
st. helens,e08000013,2016,5.2,891.278560531,3485.039419490997
st. helens,e08000013,2017,4.3,863.299818095,3377.78816620251
st. helens,e08000013,2018,3.8,869.347654004,3281.744176363925
st. helens,e08000013,2019,3.8,820.070107751,3248.215334293468
st. helens,e08000013,2020,3.8,766.472932835,3410.122645748842
st. helens,e08000013,2021,4.1,792.5812155570001,3183.271415837889
st. helens,e08000013,2022,2.7,703.80784261,2880.295554042732
st. helens,e08000013,2023,3.1,NA,2964.65015655559
st. helens,e08000013,2024,3.9,NA,NA
wirral,e08000015,2015,5.5,1298.555113866,3728.876176968172
wirral,e08000015,2016,4.4,1245.268455306,3627.504458820872
wirral,e08000015,2017,4.0,1182.655797731,3510.363702375167
wirral,e08000015,2018,3.2,1186.61634078,3421.004225958825
wirral,e08000015,2019,3.7,1131.91169229,3380.984324091758
wirral,e08000015,2020,3.2,1029.522825264,3528.17335801911
wirral,e08000015,2021,3.9,1049.567118665,3297.29666934607
wirral,e08000015,2022,2.9,951.299464758,2991.509661078947
wirral,e08000015,2023,2.6,NA,3085.398202882599
wirral,e08000015,2024,4.0,NA,NA
east riding of yorkshire,e06000011,2015,4.3,2092.781851817,4087.169683382691
east riding of yorkshire,e06000011,2016,4.0,2013.850444395,4001.953981474266
east riding of yorkshire,e06000011,2017,3.5,2014.332113281,3942.82238108737
east riding of yorkshire,e06000011,2018,3.5,1977.903066407,3828.152574215272
east riding of yorkshire,e06000011,2019,3.3,1960.176867839,3801.18411932255
east riding of yorkshire,e06000011,2020,3.3,1759.391099221,4025.459734680112
east riding of yorkshire,e06000011,2021,3.8,1842.173366502,3794.104661479795
east riding of yorkshire,e06000011,2022,3.0,1699.575219569,3365.506726422997
east riding of yorkshire,e06000011,2023,2.3,NA,3458.459059709522
east riding of yorkshire,e06000011,2024,2.0,NA,NA
"kingston upon hull, city of",e06000010,2015,9.2,1291.804043608,3443.072649636526
"kingston upon hull, city of",e06000010,2016,8.2,1217.571567572,3349.153422773744
"kingston upon hull, city of",e06000010,2017,6.6,1190.119587544,3307.132024814212
"kingston upon hull, city of",e06000010,2018,6.2,1173.476746357,3228.160935725194
"kingston upon hull, city of",e06000010,2019,6.6,1135.830715175,3203.900666965907
"kingston upon hull, city of",e06000010,2020,4.9,1020.716121868,3325.107557031903
"kingston upon hull, city of",e06000010,2021,5.5,1031.123863475,3151.864908978912
"kingston upon hull, city of",e06000010,2022,4.7,959.194635407,2882.772985551385
"kingston upon hull, city of",e06000010,2023,3.5,NA,2961.850543683451
"kingston upon hull, city of",e06000010,2024,3.3,NA,NA
north east lincolnshire,e06000012,2015,7.7,1075.618338383,3610.593832118409
north east lincolnshire,e06000012,2016,6.7,914.272910631,3530.816820633018
north east lincolnshire,e06000012,2017,6.0,891.853379684,3484.335269554392
north east lincolnshire,e06000012,2018,5.3,950.935818466,3375.987702761905
north east lincolnshire,e06000012,2019,5.6,877.690099108,3334.201518946382
north east lincolnshire,e06000012,2020,4.5,810.456899069,3486.116457129155
north east lincolnshire,e06000012,2021,4.8,841.845087958,3278.950145419235
north east lincolnshire,e06000012,2022,3.5,776.583301219,2947.43533165256
north east lincolnshire,e06000012,2023,3.5,NA,2998.013728138035
north east lincolnshire,e06000012,2024,3.3,NA,NA
north lincolnshire,e06000013,2015,5.1,1114.731786513,3716.792941457594
north lincolnshire,e06000013,2016,6.1,1033.038834748,3636.794998820844
north lincolnshire,e06000013,2017,4.4,1006.814023732,3571.099674990798
north lincolnshire,e06000013,2018,5.4,995.333723975,3490.194460571486
north lincolnshire,e06000013,2019,4.6,954.431232138,3467.218228628139
north lincolnshire,e06000013,2020,4.3,863.740995072,3623.169086628939
north lincolnshire,e06000013,2021,4.4,910.516171397,3403.095505971574
north lincolnshire,e06000013,2022,2.7,836.5239851380001,3011.848852654808
north lincolnshire,e06000013,2023,3.1,NA,3112.046509194059
north lincolnshire,e06000013,2024,2.9,NA,NA
york,e06000014,2015,3.6,963.611333828,3736.982393102017
york,e06000014,2016,3.2,921.860099974,3696.818084304206
york,e06000014,2017,3.1,879.692471921,3600.586855568356
york,e06000014,2018,3.1,876.701725298,3510.61452742392
york,e06000014,2019,2.9,840.64494669,3481.75255894343
york,e06000014,2020,2.9,733.843929785,3680.683873298184
york,e06000014,2021,3.2,778.832160316,3486.950360543959
york,e06000014,2022,2.1,721.2884412870001,3142.547385581005
york,e06000014,2023,2.3,NA,3180.333029562064
york,e06000014,2024,1.9,NA,NA
craven,e07000163,2015,3.1,NA,NA
craven,e07000163,2016,3.1,NA,NA
craven,e07000163,2017,3.6,NA,NA
craven,e07000163,2018,3.2,NA,NA
craven,e07000163,2019,2.7,NA,NA
craven,e07000163,2020,2.5,NA,NA
craven,e07000163,2021,2.3,NA,NA
craven,e07000163,2022,2.8,NA,NA
craven,e07000163,2023,2.6,NA,NA
craven,e07000163,2024,1.5,NA,NA
hambleton,e07000164,2015,2.9,NA,NA
hambleton,e07000164,2016,2.8,NA,NA
hambleton,e07000164,2017,3.2,NA,NA
hambleton,e07000164,2018,2.9,NA,NA
hambleton,e07000164,2019,2.8,NA,NA
hambleton,e07000164,2020,2.6,NA,NA
hambleton,e07000164,2021,3.4,NA,NA
hambleton,e07000164,2022,2.3,NA,NA
hambleton,e07000164,2023,1.8,NA,NA
hambleton,e07000164,2024,1.5,NA,NA
harrogate,e07000165,2015,2.7,NA,NA
harrogate,e07000165,2016,2.6,NA,NA
harrogate,e07000165,2017,3.3,NA,NA
harrogate,e07000165,2018,3.4,NA,NA
harrogate,e07000165,2019,2.3,NA,NA
harrogate,e07000165,2020,2.7,NA,NA
harrogate,e07000165,2021,3.1,NA,NA
harrogate,e07000165,2022,2.5,NA,NA
harrogate,e07000165,2023,2.0,NA,NA
harrogate,e07000165,2024,2.0,NA,NA
richmondshire,e07000166,2015,2.5,NA,NA
richmondshire,e07000166,2016,2.6,NA,NA
richmondshire,e07000166,2017,3.2,NA,NA
richmondshire,e07000166,2018,3.6,NA,NA
richmondshire,e07000166,2019,2.8,NA,NA
richmondshire,e07000166,2020,2.8,NA,NA
richmondshire,e07000166,2021,3.0,NA,NA
richmondshire,e07000166,2022,2.2,NA,NA
richmondshire,e07000166,2023,2.5,NA,NA
richmondshire,e07000166,2024,2.1,NA,NA
ryedale,e07000167,2015,3.0,NA,NA
ryedale,e07000167,2016,3.0,NA,NA
ryedale,e07000167,2017,3.2,NA,NA
ryedale,e07000167,2018,3.3,NA,NA
ryedale,e07000167,2019,2.5,NA,NA
ryedale,e07000167,2020,2.9,NA,NA
ryedale,e07000167,2021,3.5,NA,NA
ryedale,e07000167,2022,3.0,NA,NA
ryedale,e07000167,2023,2.1,NA,NA
ryedale,e07000167,2024,1.5,NA,NA
scarborough,e07000168,2015,4.2,NA,NA
scarborough,e07000168,2016,3.9,NA,NA
scarborough,e07000168,2017,3.7,NA,NA
scarborough,e07000168,2018,3.4,NA,NA
scarborough,e07000168,2019,3.6,NA,NA
scarborough,e07000168,2020,3.4,NA,NA
scarborough,e07000168,2021,4.4,NA,NA
scarborough,e07000168,2022,3.8,NA,NA
scarborough,e07000168,2023,2.9,NA,NA
scarborough,e07000168,2024,2.2,NA,NA
selby,e07000169,2015,4.0,NA,NA
selby,e07000169,2016,3.8,NA,NA
selby,e07000169,2017,3.7,NA,NA
selby,e07000169,2018,2.9,NA,NA
selby,e07000169,2019,3.2,NA,NA
selby,e07000169,2020,2.8,NA,NA
selby,e07000169,2021,3.7,NA,NA
selby,e07000169,2022,2.3,NA,NA
selby,e07000169,2023,2.3,NA,NA
selby,e07000169,2024,1.9,NA,NA
barnsley,e08000016,2015,6.2,1200.703706679,3469.220887527484
barnsley,e08000016,2016,5.7,1151.010213307,3379.680060534634
barnsley,e08000016,2017,5.0,1107.389484073,3320.861440389333
barnsley,e08000016,2018,5.4,1125.442320574,3237.840654115417
barnsley,e08000016,2019,4.2,1080.349478548,3212.466419684435
barnsley,e08000016,2020,4.8,983.214283153,3366.50379246909
barnsley,e08000016,2021,4.8,1040.312675485,3138.068067335052
barnsley,e08000016,2022,3.5,955.115454352,2793.109713070486
barnsley,e08000016,2023,3.0,NA,2884.524736322189
barnsley,e08000016,2024,2.5,NA,NA
doncaster,e08000017,2015,7.4,1539.096495307,3612.930070321768
doncaster,e08000017,2016,6.1,1460.60057235,3521.449295353081
doncaster,e08000017,2017,6.0,1425.292346495,3448.879733756063
doncaster,e08000017,2018,5.6,1454.992969804,3391.160914110088
doncaster,e08000017,2019,5.6,1410.951703438,3362.986585810513
doncaster,e08000017,2020,4.8,1259.739303905,3526.634193951406
doncaster,e08000017,2021,5.3,1333.9175041009998,3313.697659697237
doncaster,e08000017,2022,3.7,1217.965973317,2971.514162084436
doncaster,e08000017,2023,3.7,NA,3055.449104525392
doncaster,e08000017,2024,3.1,NA,NA
rotherham,e08000018,2015,6.5,1298.498559826,3546.209378120709
rotherham,e08000018,2016,6.9,1224.24901737,3455.340837024773
rotherham,e08000018,2017,4.9,1187.568849067,3387.0094179557
rotherham,e08000018,2018,4.9,1189.595060922,3316.532180894941
rotherham,e08000018,2019,5.0,1156.93544679,3300.29665397088
rotherham,e08000018,2020,4.3,1053.068291096,3445.638778497673
rotherham,e08000018,2021,5.2,1064.485187708,3231.380630347495
rotherham,e08000018,2022,3.9,986.036067923,2908.086286030125
rotherham,e08000018,2023,3.7,NA,3019.203206857718
rotherham,e08000018,2024,3.3,NA,NA
sheffield,e08000019,2015,6.9,2492.921936528,3416.823996645804
sheffield,e08000019,2016,6.7,2313.287197051,3298.740406301427
sheffield,e08000019,2017,6.0,2219.520208499,3241.270785516489
sheffield,e08000019,2018,5.1,2194.484150842,3135.111762196605
sheffield,e08000019,2019,4.2,2115.813180428,3127.608321161884
sheffield,e08000019,2020,4.2,1858.355570172,3264.752035897988
sheffield,e08000019,2021,5.5,1899.183144816,3074.573412643697
sheffield,e08000019,2022,4.7,1773.253456722,2823.557393134116
sheffield,e08000019,2023,3.6,NA,2895.003362048967
sheffield,e08000019,2024,3.1,NA,NA
bradford,e08000032,2015,8.7,2395.993751662,3886.628045681403
bradford,e08000032,2016,7.1,2260.0272084060002,3754.980062113711
bradford,e08000032,2017,6.0,2194.379449627,3715.583581836723
bradford,e08000032,2018,5.4,2177.6337500130003,3613.280575557153
bradford,e08000032,2019,5.9,2097.406042753,3570.146533389955
bradford,e08000032,2020,5.8,1870.039496019,3731.845339293902
bradford,e08000032,2021,5.9,1975.926703212,3528.789700930458
bradford,e08000032,2022,4.9,1774.772282494,3236.47846749309
bradford,e08000032,2023,5.4,NA,3327.208682073064
bradford,e08000032,2024,4.2,NA,NA
calderdale,e08000033,2015,5.2,1023.074392077,3877.14687648486
calderdale,e08000033,2016,4.7,956.323863674,3719.719101036077
calderdale,e08000033,2017,3.6,919.975116079,3674.248839859467
calderdale,e08000033,2018,4.5,908.622595555,3540.242263645381
calderdale,e08000033,2019,3.9,870.356494513,3519.846815493084
calderdale,e08000033,2020,4.2,768.1863505790001,3702.717113149925
calderdale,e08000033,2021,4.9,784.660681658,3466.814169434894
calderdale,e08000033,2022,3.9,706.069379741,3147.735785858789
calderdale,e08000033,2023,3.3,NA,3238.222294113843
calderdale,e08000033,2024,2.9,NA,NA
kirklees,e08000034,2015,5.6,1949.238527279,3691.61833258447
kirklees,e08000034,2016,5.8,1841.469449715,3571.579466397417
kirklees,e08000034,2017,4.8,1741.868929959,3520.526986534845
kirklees,e08000034,2018,4.9,1733.923460728,3415.047303591445
kirklees,e08000034,2019,4.1,1672.903235679,3412.27018091452
kirklees,e08000034,2020,3.9,1494.255901068,3571.383519522618
kirklees,e08000034,2021,5.4,1576.213980439,3386.053988904539
kirklees,e08000034,2022,4.1,1421.1475551,3056.750829787161
kirklees,e08000034,2023,4.0,NA,3155.448953787453
kirklees,e08000034,2024,3.3,NA,NA
leeds,e08000035,2015,6.2,3627.731703143,3877.894826989878
leeds,e08000035,2016,5.5,3441.8694731739997,3763.524755700662
leeds,e08000035,2017,4.7,3318.165322664,3710.577694101618
leeds,e08000035,2018,4.3,3323.239728938,3604.614609700208
leeds,e08000035,2019,4.1,3199.06760736,3575.680338537743
leeds,e08000035,2020,4.0,2836.261798504,3754.746633222345
leeds,e08000035,2021,5.5,2889.963226763,3567.20772737668
leeds,e08000035,2022,3.8,2689.8764618200003,3260.192543487983
leeds,e08000035,2023,3.8,NA,3346.403926907622
leeds,e08000035,2024,3.2,NA,NA
wakefield,e08000036,2015,6.3,1763.18827987,3590.420641520381
wakefield,e08000036,2016,5.4,1654.646002195,3500.119243956435
wakefield,e08000036,2017,4.9,1612.779031888,3432.435859541431
wakefield,e08000036,2018,5.1,1664.554561639,3347.628983147093
wakefield,e08000036,2019,4.3,1591.838431593,3311.562475057844
wakefield,e08000036,2020,4.4,1443.017014681,3470.175649237483
wakefield,e08000036,2021,4.4,1517.776921916,3234.22768866449
wakefield,e08000036,2022,3.4,1405.6928766570002,2907.192322072977
wakefield,e08000036,2023,3.2,NA,2975.745829316228
wakefield,e08000036,2024,2.5,NA,NA
derby,e06000015,2015,5.9,1244.023609749,3744.74118069198
derby,e06000015,2016,4.5,1162.940613806,3634.562302227501
derby,e06000015,2017,4.5,1124.321330821,3601.708774240293
derby,e06000015,2018,4.5,1132.508320053,3535.977520824705
derby,e06000015,2019,4.7,1051.986240645,3501.219321053873
derby,e06000015,2020,4.9,971.801740901,3661.4711754056448
derby,e06000015,2021,6.0,1063.610524113,3431.233741850932
derby,e06000015,2022,3.5,1055.200658927,3181.785777181946
derby,e06000015,2023,4.1,NA,3246.33320200836
derby,e06000015,2024,5.5,NA,NA
leicester,e06000016,2015,7.7,1510.174848208,3704.385451724662
leicester,e06000016,2016,6.3,1421.967007938,3648.881539617512
leicester,e06000016,2017,5.4,1366.281321692,3639.497062706665
leicester,e06000016,2018,5.3,1363.060313124,3597.314817105033
leicester,e06000016,2019,5.4,1329.477009469,3534.339515644664
leicester,e06000016,2020,5.2,1216.327252947,3728.656117940326
leicester,e06000016,2021,7.2,1312.6409647110002,3522.912529531756
leicester,e06000016,2022,5.0,1272.233222179,3299.127664421808
leicester,e06000016,2023,6.1,NA,3333.253747066042
leicester,e06000016,2024,7.2,NA,NA
nottingham,e06000018,2015,8.9,1347.487930314,3627.472807024817
nottingham,e06000018,2016,7.7,1273.864238911,3508.621265411924
nottingham,e06000018,2017,7.4,1206.849141571,3459.692840841062
nottingham,e06000018,2018,7.4,1194.927318024,3372.351709383986
nottingham,e06000018,2019,6.9,1154.498616858,3345.123250182165
nottingham,e06000018,2020,6.6,1052.774298611,3484.980476122402
nottingham,e06000018,2021,6.8,1166.016375562,3326.669915793309
nottingham,e06000018,2022,4.2,1115.044882839,3091.814370159582
nottingham,e06000018,2023,5.9,NA,3155.963260489102
nottingham,e06000018,2024,6.6,NA,NA
rutland,e06000017,2015,2.7,365.917184989,4830.733114878357
rutland,e06000017,2016,2.4,345.156062407,4624.099912989168
rutland,e06000017,2017,2.3,331.693050012,4538.516118393533
rutland,e06000017,2018,2.9,331.385293003,4452.406603431621
rutland,e06000017,2019,3.0,315.89838340200004,4359.203207378753
rutland,e06000017,2020,3.6,286.138234544,4641.491599541259
rutland,e06000017,2021,4.1,305.981527175,4297.736226995288
rutland,e06000017,2022,2.1,293.22126993,3884.097009244369
rutland,e06000017,2023,2.6,NA,3923.134471779442
rutland,e06000017,2024,3.6,NA,NA
amber valley,e07000032,2015,3.6,746.630252938,4049.460414096529
amber valley,e07000032,2016,3.6,711.376418786,3913.611109272491
amber valley,e07000032,2017,3.2,685.402815607,3869.969304453966
amber valley,e07000032,2018,3.2,692.006515012,3751.67827642862
amber valley,e07000032,2019,3.0,661.017828159,3736.859191669827
amber valley,e07000032,2020,3.9,600.1223779540001,3933.307408806504
amber valley,e07000032,2021,3.7,659.758822676,3632.731405934328
amber valley,e07000032,2022,2.5,611.824049255,3268.582004382904
amber valley,e07000032,2023,2.9,NA,3358.653734823304
amber valley,e07000032,2024,3.7,NA,NA
bolsover,e07000033,2015,4.6,403.569589876,3652.48654627636
bolsover,e07000033,2016,4.1,379.539298298,3541.695017464654
bolsover,e07000033,2017,4.0,376.185540298,3463.324335361979
bolsover,e07000033,2018,4.3,375.775773353,3408.708294573613
bolsover,e07000033,2019,3.9,350.194323882,3401.68208041711
bolsover,e07000033,2020,4.5,331.334266431,3548.835510586487
bolsover,e07000033,2021,4.1,354.422738456,3310.596145117075
bolsover,e07000033,2022,2.7,328.178530316,2980.926684731623
bolsover,e07000033,2023,3.4,NA,3083.224224736514
bolsover,e07000033,2024,3.8,NA,NA
chesterfield,e07000034,2015,5.5,456.911262498,3425.285961778432
chesterfield,e07000034,2016,5.0,426.57389281,3290.747937328015
chesterfield,e07000034,2017,4.8,414.011110388,3250.544226861275
chesterfield,e07000034,2018,5.2,428.436356024,3176.670912622835
chesterfield,e07000034,2019,6.0,410.733203852,3167.427034714721
chesterfield,e07000034,2020,5.0,380.094098315,3312.910532714562
chesterfield,e07000034,2021,5.2,410.515744484,3122.039554690869
chesterfield,e07000034,2022,2.7,390.122491074,2839.273214646063
chesterfield,e07000034,2023,2.9,NA,2933.233607502593
chesterfield,e07000034,2024,3.4,NA,NA
derbyshire dales,e07000035,2015,2.3,632.546070346,4699.123515540862
derbyshire dales,e07000035,2016,2.3,607.0126533590001,4567.651720864505
derbyshire dales,e07000035,2017,2.5,596.259656291,4547.965817047459
derbyshire dales,e07000035,2018,2.5,573.456300129,4385.859568950525
derbyshire dales,e07000035,2019,2.5,587.531718747,4354.394698657687
derbyshire dales,e07000035,2020,3.2,522.89503385,4590.780350349598
derbyshire dales,e07000035,2021,4.0,557.501683393,4355.737151170147
derbyshire dales,e07000035,2022,2.5,526.239395991,3898.239591605762
derbyshire dales,e07000035,2023,2.4,NA,3937.112636604691
derbyshire dales,e07000035,2024,3.2,NA,NA
erewash,e07000036,2015,4.8,478.57197572,3729.145089394892
erewash,e07000036,2016,3.6,452.716579504,3629.092677228339
erewash,e07000036,2017,3.4,442.667095463,3580.188372791999
erewash,e07000036,2018,4.5,441.584180835,3486.752557400629
erewash,e07000036,2019,4.2,426.53860006,3441.33538362083
erewash,e07000036,2020,3.7,398.995841767,3626.611055652154
erewash,e07000036,2021,4.1,426.977322318,3356.334880946323
erewash,e07000036,2022,2.5,405.261186165,3014.5515168364
erewash,e07000036,2023,3.2,NA,3080.427548800134
erewash,e07000036,2024,3.4,NA,NA
high peak,e07000037,2015,4.1,715.216168132,4032.600725472242
high peak,e07000037,2016,3.3,685.280818276,3909.431935757684
high peak,e07000037,2017,3.4,651.871718823,3891.959740001044
high peak,e07000037,2018,3.6,691.199845464,3748.610550557475
high peak,e07000037,2019,3.7,652.605919743,3692.627078122988
high peak,e07000037,2020,3.6,609.130969103,3879.766975822401
high peak,e07000037,2021,4.4,696.929617375,3642.354062293811
high peak,e07000037,2022,2.3,672.516602359,3234.575783266895
high peak,e07000037,2023,2.6,NA,3327.714149206964
high peak,e07000037,2024,3.2,NA,NA
north east derbyshire,e07000038,2015,4.2,501.822716548,3732.43209106849
north east derbyshire,e07000038,2016,3.7,476.045605492,3601.145968924439
north east derbyshire,e07000038,2017,3.4,461.402836204,3558.952639172841
north east derbyshire,e07000038,2018,3.8,458.375405438,3473.515724809086
north east derbyshire,e07000038,2019,3.2,444.478193615,3486.831437513256
north east derbyshire,e07000038,2020,4.4,393.768694765,3689.501818566533
north east derbyshire,e07000038,2021,3.4,431.030246881,3467.967251302505
north east derbyshire,e07000038,2022,2.3,416.986625408,3105.130007480558
north east derbyshire,e07000038,2023,3.3,NA,3213.499729264842
north east derbyshire,e07000038,2024,4.1,NA,NA
south derbyshire,e07000039,2015,3.2,706.971191476,4066.491697935688
south derbyshire,e07000039,2016,2.5,675.458321885,3992.443152619003
south derbyshire,e07000039,2017,2.9,666.46097099199994,3921.684096970321
south derbyshire,e07000039,2018,2.9,647.104885779,3823.102212290676
south derbyshire,e07000039,2019,2.7,631.207785288,3789.465782432627
south derbyshire,e07000039,2020,3.0,555.493427131,3987.372780736857
south derbyshire,e07000039,2021,4.2,615.437496993,3701.971558759195
south derbyshire,e07000039,2022,2.6,593.018097044,3347.572620062784
south derbyshire,e07000039,2023,3.3,NA,3419.218029764832
south derbyshire,e07000039,2024,3.1,NA,NA
blaby,e07000129,2015,3.3,444.235735089,3971.424543940616
blaby,e07000129,2016,2.9,405.801361327,3849.279415534855
blaby,e07000129,2017,3.0,401.681160895,3819.222490322405
blaby,e07000129,2018,2.9,396.448372676,3685.372953716453
blaby,e07000129,2019,3.2,381.078670906,3612.37162861779
blaby,e07000129,2020,3.0,350.187541032,3805.909999332256
blaby,e07000129,2021,4.7,382.556005695,3495.351634417693
blaby,e07000129,2022,1.8,365.289408205,3108.928121938659
blaby,e07000129,2023,2.3,NA,3141.380992536867
blaby,e07000129,2024,2.8,NA,NA
charnwood,e07000130,2015,4.0,887.832057897,3842.38622890803
charnwood,e07000130,2016,3.5,854.370034308,3744.237122030525
charnwood,e07000130,2017,3.6,820.05240843,3683.829604593232
charnwood,e07000130,2018,3.9,797.858382935,3575.152121357117
charnwood,e07000130,2019,3.5,762.428210811,3534.148335684449
charnwood,e07000130,2020,3.2,688.44203652,3742.854728071937
charnwood,e07000130,2021,3.8,755.1011167309999,3469.576828333063
charnwood,e07000130,2022,2.4,714.186882403,3109.418959755997
charnwood,e07000130,2023,2.7,NA,3154.042236062339
charnwood,e07000130,2024,3.0,NA,NA
harborough,e07000131,2015,2.3,505.564926478,4558.242524750804
harborough,e07000131,2016,2.2,488.365985965,4467.32509424506
harborough,e07000131,2017,2.7,468.75559062,4412.879055069224
harborough,e07000131,2018,2.8,464.633230722,4277.300381422052
harborough,e07000131,2019,2.9,445.690267598,4249.958047588442
harborough,e07000131,2020,3.4,400.317248347,4563.785057792768
harborough,e07000131,2021,3.5,428.406852303,4300.660263142096
harborough,e07000131,2022,2.1,413.837149531,3878.20579634154
harborough,e07000131,2023,2.3,NA,3939.432203964337
harborough,e07000131,2024,3.1,NA,NA
hinckley and bosworth,e07000132,2015,3.4,558.825287162,4081.95331759367
hinckley and bosworth,e07000132,2016,3.2,533.865034253,3971.810921995715
hinckley and bosworth,e07000132,2017,3.2,521.426036783,3915.357906595895
hinckley and bosworth,e07000132,2018,3.9,509.86072292,3779.996364443096
hinckley and bosworth,e07000132,2019,3.1,482.658297347,3680.704685352281
hinckley and bosworth,e07000132,2020,3.7,449.423195308,3884.930730407465
hinckley and bosworth,e07000132,2021,4.0,485.677834186,3591.882932428292
hinckley and bosworth,e07000132,2022,2.3,457.397013407,3222.530982843042
hinckley and bosworth,e07000132,2023,2.9,NA,3302.025670552225
hinckley and bosworth,e07000132,2024,2.5,NA,NA
melton,e07000133,2015,3.8,347.964587585,4384.784810024231
melton,e07000133,2016,3.5,328.791294466,4317.500616853792
melton,e07000133,2017,3.9,308.60808081199997,4277.688253593877
melton,e07000133,2018,3.8,307.245678921,4111.019531319992
melton,e07000133,2019,4.2,294.485025609,4111.580578806782
melton,e07000133,2020,3.6,265.1758321,4358.580687082374
melton,e07000133,2021,4.2,294.121766085,4093.100060648721
melton,e07000133,2022,2.8,275.033474877,3693.857050405076
melton,e07000133,2023,3.3,NA,3808.623990855651
melton,e07000133,2024,4.1,NA,NA
north west leicestershire,e07000134,2015,3.9,828.10320812,4286.338058084761
north west leicestershire,e07000134,2016,3.0,798.254583931,4168.655976296253
north west leicestershire,e07000134,2017,3.1,786.851837129,4132.189872578992
north west leicestershire,e07000134,2018,3.7,746.220562212,4019.847177270457
north west leicestershire,e07000134,2019,3.7,789.574718423,3943.977157766319
north west leicestershire,e07000134,2020,4.2,726.237080691,4175.718238484866
north west leicestershire,e07000134,2021,4.5,755.4407594959999,3876.976259503864
north west leicestershire,e07000134,2022,2.6,730.661942413,3471.530217083743
north west leicestershire,e07000134,2023,2.5,NA,3518.721303686834
north west leicestershire,e07000134,2024,2.8,NA,NA
oadby and wigston,e07000135,2015,4.6,211.636223894,4023.724241002642
oadby and wigston,e07000135,2016,3.7,199.776979197,3928.975856508659
oadby and wigston,e07000135,2017,3.5,190.429462048,3916.813127634704
oadby and wigston,e07000135,2018,3.1,189.621775849,3825.906032199283
oadby and wigston,e07000135,2019,3.2,183.341043548,3809.509250474365
oadby and wigston,e07000135,2020,3.0,166.124018348,4116.651305146886
oadby and wigston,e07000135,2021,4.5,181.326559398,3855.874270760722
oadby and wigston,e07000135,2022,2.9,171.223613714,3514.289136445931
oadby and wigston,e07000135,2023,3.4,NA,3572.205537650236
oadby and wigston,e07000135,2024,3.6,NA,NA
boston,e07000136,2015,5.0,360.358357525,4320.709606892723
boston,e07000136,2016,4.1,329.74014385,4231.3275007222
boston,e07000136,2017,4.5,330.74684291,4205.506784872257
boston,e07000136,2018,3.5,324.915549213,4074.403402109588
boston,e07000136,2019,4.5,307.452234101,3964.564145000488
boston,e07000136,2020,3.9,280.588107216,4136.952411109571
boston,e07000136,2021,5.8,301.036754241,3867.885326614411
boston,e07000136,2022,3.6,292.058989621,3512.166888818055
boston,e07000136,2023,4.1,NA,3492.853580049813
boston,e07000136,2024,3.8,NA,NA
east lindsey,e07000137,2015,5.0,831.317080948,4687.157029379379
east lindsey,e07000137,2016,4.7,800.9142979,4592.363573726815
east lindsey,e07000137,2017,4.2,781.861579991,4580.847346514149
east lindsey,e07000137,2018,4.5,749.960143816,4406.024991024975
east lindsey,e07000137,2019,4.9,716.593632606,4283.710746528992
east lindsey,e07000137,2020,4.9,628.872925506,4472.16250070608
east lindsey,e07000137,2021,5.4,673.045231026,4179.273057931891
east lindsey,e07000137,2022,5.1,643.127811268,3732.746576143134
east lindsey,e07000137,2023,3.1,NA,3748.542353230961
east lindsey,e07000137,2024,4.4,NA,NA
lincoln,e07000138,2015,6.4,393.602213757,3538.735083078944
lincoln,e07000138,2016,6.4,365.137154896,3463.053839726702
lincoln,e07000138,2017,5.6,354.363223464,3423.186207973753
lincoln,e07000138,2018,6.4,352.541882863,3336.189633747614
lincoln,e07000138,2019,5.8,333.24629901,3283.747497570417
lincoln,e07000138,2020,6.3,293.663730913,3402.947356734486
lincoln,e07000138,2021,6.8,325.426137651,3195.485788027779
lincoln,e07000138,2022,3.5,303.737688101,2943.188129566748
lincoln,e07000138,2023,5.0,NA,2980.228825897781
lincoln,e07000138,2024,4.5,NA,NA
north kesteven,e07000139,2015,3.4,615.715936896,4254.32147138545
north kesteven,e07000139,2016,3.4,591.926868802,4152.432758189419
north kesteven,e07000139,2017,3.5,580.994645314,4084.543169371772
north kesteven,e07000139,2018,3.3,573.480385783,3993.819292145463
north kesteven,e07000139,2019,3.0,573.831029183,3964.062107369879
north kesteven,e07000139,2020,3.5,524.474597691,4175.55898957706
north kesteven,e07000139,2021,3.8,553.71068756,3887.665992164767
north kesteven,e07000139,2022,2.3,527.414402194,3499.814847759395
north kesteven,e07000139,2023,2.6,NA,3555.487621117445
north kesteven,e07000139,2024,2.2,NA,NA
south holland,e07000140,2015,4.8,566.603739798,4611.884343427274
south holland,e07000140,2016,3.4,544.04682858,4518.785096065676
south holland,e07000140,2017,3.9,520.974028678,4448.709526831367
south holland,e07000140,2018,3.6,528.22903053,4374.205398516563
south holland,e07000140,2019,3.7,500.053383412,4287.467498169504
south holland,e07000140,2020,4.2,467.964280017,4539.286980227279
south holland,e07000140,2021,4.3,498.51466862,4263.359628952981
south holland,e07000140,2022,2.2,472.860510044,3857.031021177276
south holland,e07000140,2023,2.5,NA,3857.315688311709
south holland,e07000140,2024,3.9,NA,NA
south kesteven,e07000141,2015,4.2,839.704366559,4395.248246792342
south kesteven,e07000141,2016,3.7,809.0209235880001,4284.737437169668
south kesteven,e07000141,2017,3.3,800.283044882,4227.036612015299
south kesteven,e07000141,2018,3.4,782.086417438,4107.590694082313
south kesteven,e07000141,2019,3.6,747.6801506429999,4050.169566970682
south kesteven,e07000141,2020,3.7,658.132530519,4293.287560399713
south kesteven,e07000141,2021,4.1,708.213481883,3969.591135240637
south kesteven,e07000141,2022,2.3,682.074384229,3587.668239870318
south kesteven,e07000141,2023,3.2,NA,3616.805000171733
south kesteven,e07000141,2024,4.3,NA,NA
west lindsey,e07000142,2015,5.8,535.749652579,4221.941235741742
west lindsey,e07000142,2016,4.1,528.893636619,4132.007819797816
west lindsey,e07000142,2017,4.8,523.256139482,4060.483980933641
west lindsey,e07000142,2018,4.4,526.656054047,3957.974316217398
west lindsey,e07000142,2019,4.3,511.151309473,3950.70720198246
west lindsey,e07000142,2020,4.7,457.624275097,4130.978532451869
west lindsey,e07000142,2021,5.0,483.857665892,3935.786643878064
west lindsey,e07000142,2022,2.2,456.767053488,3524.475183148176
west lindsey,e07000142,2023,3.6,NA,3599.088162543346
west lindsey,e07000142,2024,5.2,NA,NA
ashfield,e07000170,2015,5.1,604.1283098050001,3738.022385020705
ashfield,e07000170,2016,4.6,556.921930014,3616.90142921228
ashfield,e07000170,2017,4.6,531.924167699,3526.278891181472
ashfield,e07000170,2018,4.6,530.879887464,3422.280741659506
ashfield,e07000170,2019,3.9,512.062013248,3350.168244859779
ashfield,e07000170,2020,4.7,472.761468208,3486.952145571539
ashfield,e07000170,2021,4.4,509.640837385,3232.424892081287
ashfield,e07000170,2022,2.7,479.001318188,2904.173003577675
ashfield,e07000170,2023,5.2,NA,2972.909303428125
ashfield,e07000170,2024,4.8,NA,NA
bassetlaw,e07000171,2015,5.3,782.853365162,4086.543597966409
bassetlaw,e07000171,2016,4.5,758.487229637,4007.774544527889
bassetlaw,e07000171,2017,4.7,741.23230005999994,3972.837219849977
bassetlaw,e07000171,2018,4.5,734.405609756,3887.934610361544
bassetlaw,e07000171,2019,4.1,706.048742009,3854.43391402638
bassetlaw,e07000171,2020,4.6,634.398031719,4050.986879449786
bassetlaw,e07000171,2021,4.4,697.050948902,3804.641139814391
bassetlaw,e07000171,2022,2.5,656.165690215,3435.945702073871
bassetlaw,e07000171,2023,2.8,NA,3523.085588394616
bassetlaw,e07000171,2024,4.2,NA,NA
broxtowe,e07000172,2015,4.8,519.960431083,3786.135823727918
broxtowe,e07000172,2016,3.6,496.847411275,3663.323382844669
broxtowe,e07000172,2017,3.9,478.671979678,3595.583693837528
broxtowe,e07000172,2018,4.5,472.184330213,3510.71847466149
broxtowe,e07000172,2019,3.7,462.127521573,3473.982720943136
broxtowe,e07000172,2020,3.9,414.420866751,3666.566197922833
broxtowe,e07000172,2021,4.4,458.080977548,3415.753694436012
broxtowe,e07000172,2022,3.5,430.387336007,3059.586895822019
broxtowe,e07000172,2023,3.2,NA,3134.084716808313
broxtowe,e07000172,2024,4.0,NA,NA
gedling,e07000173,2015,4.9,443.303595887,3984.629596123857
gedling,e07000173,2016,4.3,420.467414314,3850.374713698141
gedling,e07000173,2017,3.7,419.423458206,3800.729559122155
gedling,e07000173,2018,4.0,422.027369141,3693.206502109945
gedling,e07000173,2019,4.3,412.516212801,3632.4346804836
gedling,e07000173,2020,3.8,382.235863874,3829.77050183856
gedling,e07000173,2021,5.7,420.797159782,3533.850301677644
gedling,e07000173,2022,3.4,379.46713329,3177.105927839118
gedling,e07000173,2023,3.9,NA,3264.25901659303
gedling,e07000173,2024,3.8,NA,NA
mansfield,e07000174,2015,5.6,443.425595226,3637.490253340038
mansfield,e07000174,2016,5.2,414.384829953,3505.766599695612
mansfield,e07000174,2017,5.1,407.075925962,3461.189930525785
mansfield,e07000174,2018,4.4,401.815631124,3381.935470926864
mansfield,e07000174,2019,4.9,385.717925431,3361.042378083077
mansfield,e07000174,2020,5.0,355.947634501,3538.685784346666
mansfield,e07000174,2021,6.4,391.741297498,3308.391695831025
mansfield,e07000174,2022,3.7,368.45476897,2977.241531756853
mansfield,e07000174,2023,3.3,NA,3064.362045050576
mansfield,e07000174,2024,4.7,NA,NA
newark and sherwood,e07000175,2015,5.1,941.157385923,4199.996782331093
newark and sherwood,e07000175,2016,4.2,889.589327802,4095.890412026237
newark and sherwood,e07000175,2017,4.0,864.967888517,4052.282672181674
newark and sherwood,e07000175,2018,3.8,873.202600858,3976.344050357066
newark and sherwood,e07000175,2019,4.4,860.1688809240001,3916.891621892652
newark and sherwood,e07000175,2020,4.6,767.842944142,4123.016840850877
newark and sherwood,e07000175,2021,5.4,824.749846906,3889.937797015215
newark and sherwood,e07000175,2022,3.3,778.178361988,3478.660628896655
newark and sherwood,e07000175,2023,3.1,NA,3549.695546647129
newark and sherwood,e07000175,2024,3.3,NA,NA
rushcliffe,e07000176,2015,3.6,697.5295852,4202.699617347149
rushcliffe,e07000176,2016,3.1,629.298997042,4102.814184935706
rushcliffe,e07000176,2017,3.3,657.977110258,4062.505598444299
rushcliffe,e07000176,2018,3.2,666.322868129,3951.710915775621
rushcliffe,e07000176,2019,2.6,638.850243123,3920.336371609228
rushcliffe,e07000176,2020,3.6,581.958909072,4173.65871283316
rushcliffe,e07000176,2021,3.5,630.189188374,3939.892880994228
rushcliffe,e07000176,2022,1.8,588.164826922,3575.953189459982
rushcliffe,e07000176,2023,2.5,NA,3669.732282100759
rushcliffe,e07000176,2024,2.6,NA,NA
north northamptonshire,e06000061,2015,-,2102.560976524,4103.072994586304
north northamptonshire,e06000061,2016,-,2034.522505525,3996.865699855256
north northamptonshire,e06000061,2017,-,1985.303304942,3925.614902729088
north northamptonshire,e06000061,2018,-,1929.541463907,3812.81217173907
north northamptonshire,e06000061,2019,-,1883.282954172,3746.697784234622
north northamptonshire,e06000061,2020,3.1,1643.336777383,3940.429120183449
north northamptonshire,e06000061,2021,-,1790.52642219,3677.586509291544
north northamptonshire,e06000061,2022,2.8,1699.228636741,3338.844971856689
north northamptonshire,e06000061,2023,3.5,NA,3372.67741783073
north northamptonshire,e06000061,2024,3.1,NA,NA
west northamptonshire,e06000062,2015,-,2190.982501666,4417.614003833497
west northamptonshire,e06000062,2016,-,2091.264767538,4319.010567311259
west northamptonshire,e06000062,2017,-,2035.770047041,4262.951375323425
west northamptonshire,e06000062,2018,-,2012.041857339,4174.615914859693
west northamptonshire,e06000062,2019,-,1938.871666964,4087.239994737961
west northamptonshire,e06000062,2020,3.5,1751.480722015,4327.259228272165
west northamptonshire,e06000062,2021,-,1901.670489784,4055.105962964207
west northamptonshire,e06000062,2022,3.1,1833.775751363,3727.324969581277
west northamptonshire,e06000062,2023,2.3,NA,3737.664687956575
west northamptonshire,e06000062,2024,3.2,NA,NA
"herefordshire, county of",e06000019,2015,3.2,1266.526657288,4603.444572153823
"herefordshire, county of",e06000019,2016,3.6,1201.479881588,4515.337752776016
"herefordshire, county of",e06000019,2017,3.4,1169.231742572,4466.064791814665
"herefordshire, county of",e06000019,2018,2.7,1186.344230715,4348.095737702516
"herefordshire, county of",e06000019,2019,2.2,1135.220212648,4294.551793398544
"herefordshire, county of",e06000019,2020,3.2,1035.696964493,4476.940562652746
"herefordshire, county of",e06000019,2021,3.3,1103.513696382,4224.606801460762
"herefordshire, county of",e06000019,2022,3.1,1058.312721343,3769.05791526097
"herefordshire, county of",e06000019,2023,2.7,NA,3810.190133136362
"herefordshire, county of",e06000019,2024,2.5,NA,NA
shropshire,e06000051,2015,3.6,1866.438472769,4384.757411938253
shropshire,e06000051,2016,3.3,1783.41652363,4300.629223626022
shropshire,e06000051,2017,3.5,1733.138039944,4224.45376059934
shropshire,e06000051,2018,2.8,1741.856723823,4106.121810381936
shropshire,e06000051,2019,2.9,1652.88239657,4058.228268772406
shropshire,e06000051,2020,3.5,1498.757079665,4249.039888808376
shropshire,e06000051,2021,3.6,1604.009370503,3969.873361011566
shropshire,e06000051,2022,3.5,1527.61243673,3519.326243166808
shropshire,e06000051,2023,3.1,NA,3595.805537910637
shropshire,e06000051,2024,2.6,NA,NA
stoke-on-trent,e06000021,2015,5.8,1589.724228904,3568.629383810177
stoke-on-trent,e06000021,2016,6.2,1500.320170229,3440.839057915055
stoke-on-trent,e06000021,2017,5.6,1219.905430817,3348.670895624029
stoke-on-trent,e06000021,2018,5.5,1203.553964535,3271.669791695148
stoke-on-trent,e06000021,2019,4.9,1126.956503443,3241.967153172106
stoke-on-trent,e06000021,2020,5.1,996.714838968,3354.365033461268
stoke-on-trent,e06000021,2021,4.6,1069.390329874,3162.04447182962
stoke-on-trent,e06000021,2022,4.3,974.360075582,2883.662457193584
stoke-on-trent,e06000021,2023,4.3,NA,3007.726058825627
stoke-on-trent,e06000021,2024,4.7,NA,NA
telford and wrekin,e06000020,2015,5.0,958.716557314,3843.016992304484
telford and wrekin,e06000020,2016,4.8,899.5696108559999,3758.987924808132
telford and wrekin,e06000020,2017,4.5,872.75510609,3669.519225154057
telford and wrekin,e06000020,2018,4.2,862.649660908,3606.185232281639
telford and wrekin,e06000020,2019,3.6,827.350667646,3572.028370141141
telford and wrekin,e06000020,2020,4.9,736.439533267,3748.213807219093
telford and wrekin,e06000020,2021,4.3,782.745393754,3554.062246950521
telford and wrekin,e06000020,2022,4.2,745.187063369,3202.41240138444
telford and wrekin,e06000020,2023,3.3,NA,3341.14767738391
telford and wrekin,e06000020,2024,3.5,NA,NA
cannock chase,e07000192,2015,3.6,416.947946549,3913.872977415507
cannock chase,e07000192,2016,4.0,390.998631246,3813.414141366009
cannock chase,e07000192,2017,4.1,376.041501982,3742.964662649483
cannock chase,e07000192,2018,3.6,371.904371913,3600.220690059723
cannock chase,e07000192,2019,2.8,344.241145286,3591.728573731275
cannock chase,e07000192,2020,3.6,310.270712571,3772.946557995103
cannock chase,e07000192,2021,3.8,323.14197790000003,3488.514197904924
cannock chase,e07000192,2022,3.6,288.559504634,3101.146118709433
cannock chase,e07000192,2023,3.6,NA,3208.328816134865
cannock chase,e07000192,2024,2.9,NA,NA
east staffordshire,e07000193,2015,3.2,779.213031088,4110.275571187495
east staffordshire,e07000193,2016,4.0,740.276813334,4001.779156266642
east staffordshire,e07000193,2017,3.4,726.778924331,3958.59665848231
east staffordshire,e07000193,2018,3.0,713.259906835,3858.648161685081
east staffordshire,e07000193,2019,2.4,668.438850225,3822.564000714102
east staffordshire,e07000193,2020,3.9,591.171196964,4000.198509562479
east staffordshire,e07000193,2021,3.7,637.983806203,3749.435731780202
east staffordshire,e07000193,2022,3.6,619.330043148,3435.560514469339
east staffordshire,e07000193,2023,3.0,NA,3491.222319891915
east staffordshire,e07000193,2024,3.0,NA,NA
lichfield,e07000194,2015,2.9,644.809326642,4360.307386996074
lichfield,e07000194,2016,2.7,619.614457346,4256.058268269107
lichfield,e07000194,2017,2.9,602.982885712,4211.282552390488
lichfield,e07000194,2018,2.7,591.229913134,4108.839189581376
lichfield,e07000194,2019,2.8,569.2903238069999,4139.036884950204
lichfield,e07000194,2020,3.8,496.144022551,4367.144968086525
lichfield,e07000194,2021,3.9,554.171717534,4137.711725925589
lichfield,e07000194,2022,3.0,517.280704101,3729.042534715567
lichfield,e07000194,2023,3.6,NA,3868.097905602583
lichfield,e07000194,2024,3.3,NA,NA
newcastle-under-lyme,e07000195,2015,3.9,659.037383888,3720.188519831021
newcastle-under-lyme,e07000195,2016,4.0,624.58343184,3578.63085304069
newcastle-under-lyme,e07000195,2017,3.7,599.458966735,3476.474909293413
newcastle-under-lyme,e07000195,2018,3.4,593.03016143,3391.555560164532
newcastle-under-lyme,e07000195,2019,3.1,556.358942762,3355.69675715448
newcastle-under-lyme,e07000195,2020,6.0,506.394902192,3464.982139131308
newcastle-under-lyme,e07000195,2021,3.8,556.5961266319999,3281.584751657496
newcastle-under-lyme,e07000195,2022,3.7,519.440156391,2959.344696773684
newcastle-under-lyme,e07000195,2023,2.9,NA,3066.608154408386
newcastle-under-lyme,e07000195,2024,3.0,NA,NA
south staffordshire,e07000196,2015,4.1,595.1065505089999,4190.881569629146
south staffordshire,e07000196,2016,3.5,570.7242649469999,4077.635975140004
south staffordshire,e07000196,2017,3.4,588.654153387,3981.410760617308
south staffordshire,e07000196,2018,2.8,556.9204355100001,3884.503141010807
south staffordshire,e07000196,2019,2.8,553.574087918,3854.090156148668
south staffordshire,e07000196,2020,3.7,490.748394766,4072.784007171592
south staffordshire,e07000196,2021,3.9,530.311619193,3839.932624581426
south staffordshire,e07000196,2022,3.2,487.658660258,3416.5852375891
south staffordshire,e07000196,2023,2.7,NA,3551.183665715494
south staffordshire,e07000196,2024,2.5,NA,NA
stafford,e07000197,2015,3.6,774.927481415,4060.891275605272
stafford,e07000197,2016,3.2,738.938042629,3956.187357318608
stafford,e07000197,2017,3.6,707.696636639,3881.645088818483
stafford,e07000197,2018,2.7,699.211271913,3771.302557600915
stafford,e07000197,2019,2.9,664.95548522,3740.856643226541
stafford,e07000197,2020,3.3,591.017053984,3939.775419366027
stafford,e07000197,2021,3.8,635.5756369119999,3691.367620407624
stafford,e07000197,2022,3.1,604.9350854959999,3276.237881624947
stafford,e07000197,2023,3.3,NA,3381.804945352486
stafford,e07000197,2024,2.5,NA,NA
staffordshire moorlands,e07000198,2015,2.7,647.455522936,4085.609932439359
staffordshire moorlands,e07000198,2016,2.7,621.887062151,3967.494929611396
staffordshire moorlands,e07000198,2017,3.2,591.058986569,3906.632091307094
staffordshire moorlands,e07000198,2018,2.8,588.792333167,3796.911073063525
staffordshire moorlands,e07000198,2019,2.7,546.440672061,3784.763099781504
staffordshire moorlands,e07000198,2020,2.8,475.889229414,3937.359896113702
staffordshire moorlands,e07000198,2021,2.9,526.814676168,3719.564254397569
staffordshire moorlands,e07000198,2022,3.3,492.104990401,3274.140638151642
staffordshire moorlands,e07000198,2023,2.6,NA,3431.057629633807
staffordshire moorlands,e07000198,2024,2.5,NA,NA
tamworth,e07000199,2015,2.8,323.311377306,3993.713281160307
tamworth,e07000199,2016,3.4,296.159035636,3866.84685615724
tamworth,e07000199,2017,3.8,278.960626752,3825.052598434624
tamworth,e07000199,2018,3.8,276.255431427,3740.059077377385
tamworth,e07000199,2019,3.5,254.245696501,3684.826833570614
tamworth,e07000199,2020,4.6,224.073584957,3908.302265266425
tamworth,e07000199,2021,4.1,240.396515006,3666.681498195499
tamworth,e07000199,2022,3.4,215.070248079,3325.547197649013
tamworth,e07000199,2023,3.1,NA,3393.095439057331
tamworth,e07000199,2024,3.5,NA,NA
north warwickshire,e07000218,2015,3.2,539.703839504,4473.985288742993
north warwickshire,e07000218,2016,3.5,510.109355149,4345.573820125803
north warwickshire,e07000218,2017,3.2,490.626974923,4264.111364566639
north warwickshire,e07000218,2018,3.1,487.545345199,4138.190359941609
north warwickshire,e07000218,2019,2.8,443.049503497,4036.670427270079
north warwickshire,e07000218,2020,4.2,396.670625054,4247.815866909566
north warwickshire,e07000218,2021,3.3,434.820753033,3930.204580705529
north warwickshire,e07000218,2022,3.2,421.448886779,3530.687605823893
north warwickshire,e07000218,2023,2.5,NA,3562.079637197447
north warwickshire,e07000218,2024,2.8,NA,NA
nuneaton and bedworth,e07000219,2015,5.0,521.185193801,3967.307013431876
nuneaton and bedworth,e07000219,2016,5.4,488.504495252,3834.271111811544
nuneaton and bedworth,e07000219,2017,5.2,470.460612551,3762.076069702885
nuneaton and bedworth,e07000219,2018,3.9,460.238402911,3672.624989484865
nuneaton and bedworth,e07000219,2019,3.7,437.273958496,3598.630635916686
nuneaton and bedworth,e07000219,2020,4.3,392.732208608,3795.061893686509
nuneaton and bedworth,e07000219,2021,3.9,425.162844529,3545.182464231483
nuneaton and bedworth,e07000219,2022,4.0,399.934140373,3231.469715092003
nuneaton and bedworth,e07000219,2023,3.4,NA,3309.564172635094
nuneaton and bedworth,e07000219,2024,3.8,NA,NA
rugby,e07000220,2015,3.4,688.7230466899999,4234.7423909584
rugby,e07000220,2016,3.5,664.389754038,4158.310000250384
rugby,e07000220,2017,3.8,629.104622933,4080.983308173097
rugby,e07000220,2018,3.7,657.632577461,4004.471717603891
rugby,e07000220,2019,3.3,616.986101484,3952.949707459804
rugby,e07000220,2020,3.9,542.281848589,4171.99932596381
rugby,e07000220,2021,3.7,595.751233807,3924.223234569528
rugby,e07000220,2022,3.2,574.478186808,3619.129661521883
rugby,e07000220,2023,3.3,NA,3679.361041041188
rugby,e07000220,2024,2.4,NA,NA
stratford-on-avon,e07000221,2015,2.0,806.97218276,5179.559293712558
stratford-on-avon,e07000221,2016,2.2,779.845498665,5136.696104401603
stratford-on-avon,e07000221,2017,2.8,761.477452385,5096.101842470708
stratford-on-avon,e07000221,2018,2.5,753.458865829,4960.619586250209
stratford-on-avon,e07000221,2019,2.2,721.2187008450001,4902.883221548153
stratford-on-avon,e07000221,2020,2.9,635.355800175,5210.697154905902
stratford-on-avon,e07000221,2021,3.6,688.08128369,4906.217672068249
stratford-on-avon,e07000221,2022,3.4,663.206803297,4451.62088753107
stratford-on-avon,e07000221,2023,2.7,NA,4453.383905908579
stratford-on-avon,e07000221,2024,2.1,NA,NA
warwick,e07000222,2015,2.6,807.576173555,4330.781028203967
warwick,e07000222,2016,2.9,764.694761713,4251.261126419019
warwick,e07000222,2017,3.1,740.424555319,4223.683206674844
warwick,e07000222,2018,2.4,726.642054118,4118.384044226934
warwick,e07000222,2019,2.8,689.7748614449999,4055.550202834754
warwick,e07000222,2020,3.1,588.957952385,4300.896046494196
warwick,e07000222,2021,3.3,633.559934839,4049.084485944727
warwick,e07000222,2022,3.5,616.024942669,3757.423329575174
warwick,e07000222,2023,3.6,NA,3757.34070307996
warwick,e07000222,2024,2.2,NA,NA
birmingham,e08000025,2015,9.1,4772.314421975,3929.325533205058
birmingham,e08000025,2016,9.4,4468.573430012,3820.205745767814
birmingham,e08000025,2017,8.6,4250.107547775,3761.017885911497
birmingham,e08000025,2018,6.8,4171.3638152290005,3673.949280404845
birmingham,e08000025,2019,7.8,3966.417067618,3623.364596220772
birmingham,e08000025,2020,8.2,3525.478545352,3786.820455447937
birmingham,e08000025,2021,8.1,3767.754880895,3579.92795905292
birmingham,e08000025,2022,8.0,3553.1762899,3324.17925596753
birmingham,e08000025,2023,7.3,NA,3421.815698759744
birmingham,e08000025,2024,6.7,NA,NA
coventry,e08000026,2015,6.1,1543.129183528,3701.599535587871
coventry,e08000026,2016,5.5,1445.0843730630002,3524.974641737408
coventry,e08000026,2017,5.5,1389.536620936,3428.599586144599
coventry,e08000026,2018,4.5,1307.203635479,3310.906247108775
coventry,e08000026,2019,4.5,1244.400561417,3199.272833612164
coventry,e08000026,2020,5.7,1100.83330522,3271.256763879377
coventry,e08000026,2021,5.7,1184.660058568,3053.123808250771
coventry,e08000026,2022,5.5,1105.65670238,2823.516892022915
coventry,e08000026,2023,5.4,NA,2834.4230342779
coventry,e08000026,2024,5.0,NA,NA
dudley,e08000027,2015,6.7,1317.080638386,3882.02490120839
dudley,e08000027,2016,6.8,1234.400778978,3780.616346471557
dudley,e08000027,2017,5.9,1199.635011571,3690.685626526301
dudley,e08000027,2018,5.4,1169.711844301,3571.888996637642
dudley,e08000027,2019,4.7,1111.488855108,3532.734341527324
dudley,e08000027,2020,6.0,987.032119675,3671.191239682757
dudley,e08000027,2021,4.6,1051.933520354,3416.208213112097
dudley,e08000027,2022,4.3,973.05418535,3090.915108454203
dudley,e08000027,2023,4.0,NA,3187.94247738978
dudley,e08000027,2024,4.2,NA,NA
sandwell,e08000028,2015,8.9,1500.687286188,3815.115103403179
sandwell,e08000028,2016,8.2,1359.559468459,3714.064234012634
sandwell,e08000028,2017,8.4,1325.366619273,3650.060089258211
sandwell,e08000028,2018,6.3,1295.125376565,3549.769035056635
sandwell,e08000028,2019,5.1,1212.017288152,3479.908053790853
sandwell,e08000028,2020,5.6,1097.504223083,3628.516528189004
sandwell,e08000028,2021,6.0,1173.823407201,3387.10631495442
sandwell,e08000028,2022,6.2,1084.247022639,3111.065260176656
sandwell,e08000028,2023,5.6,NA,3202.695473370178
sandwell,e08000028,2024,5.7,NA,NA
solihull,e08000029,2015,4.7,1191.631181755,4246.773652235437
solihull,e08000029,2016,5.1,1110.575921205,4137.404323876529
solihull,e08000029,2017,4.4,1068.14743044,4034.629675657478
solihull,e08000029,2018,4.1,1033.237433232,3930.286518082681
solihull,e08000029,2019,3.7,971.439466056,3888.015411318054
solihull,e08000029,2020,4.2,842.071580773,4077.735476706192
solihull,e08000029,2021,4.2,893.59332789,3809.570539679119
solihull,e08000029,2022,4.6,867.94251361,3462.858315785988
solihull,e08000029,2023,3.6,NA,3537.594877735839
solihull,e08000029,2024,2.7,NA,NA
walsall,e08000030,2015,7.3,1125.922149711,3991.920207320596
walsall,e08000030,2016,7.3,1053.464483208,3894.156084395388
walsall,e08000030,2017,6.1,1019.859702619,3815.955029160912
walsall,e08000030,2018,5.1,1004.758837713,3693.95343511366
walsall,e08000030,2019,5.4,937.804255683,3637.894343072154
walsall,e08000030,2020,5.8,836.101256983,3791.240586562536
walsall,e08000030,2021,6.5,897.3982378850001,3542.932994559121
walsall,e08000030,2022,5.4,827.195282049,3210.47393712133
walsall,e08000030,2023,6.0,NA,3309.128563540737
walsall,e08000030,2024,4.6,NA,NA
wolverhampton,e08000031,2015,10.1,1146.563383964,3902.033133541788
wolverhampton,e08000031,2016,8.8,1062.499549284,3818.713714004473
wolverhampton,e08000031,2017,7.7,1019.57434707,3730.229218468202
wolverhampton,e08000031,2018,6.7,995.587186749,3649.116927216665
wolverhampton,e08000031,2019,6.5,940.480559329,3602.082589452025
wolverhampton,e08000031,2020,5.8,863.965660288,3766.218736436249
wolverhampton,e08000031,2021,6.5,922.54390313,3540.458328587015
wolverhampton,e08000031,2022,6.3,847.815290883,3242.113823202108
wolverhampton,e08000031,2023,6.2,NA,3310.102246518073
wolverhampton,e08000031,2024,5.8,NA,NA
bromsgrove,e07000234,2015,3.8,481.692483567,4444.183942279908
bromsgrove,e07000234,2016,3.6,464.864522962,4325.978605384596
bromsgrove,e07000234,2017,3.1,451.038299223,4234.922908632933
bromsgrove,e07000234,2018,3.6,445.502286312,4134.366463054171
bromsgrove,e07000234,2019,3.2,429.203349294,4097.120939858776
bromsgrove,e07000234,2020,3.7,382.371298479,4324.335168797007
bromsgrove,e07000234,2021,3.2,410.151622516,4042.793897702267
bromsgrove,e07000234,2022,3.9,387.095757079,3637.845639513705
bromsgrove,e07000234,2023,2.4,NA,3726.72899325291
bromsgrove,e07000234,2024,2.8,NA,NA
malvern hills,e07000235,2015,3.6,446.778687511,4729.358800325378
malvern hills,e07000235,2016,4.1,427.980831198,4678.232928144136
malvern hills,e07000235,2017,3.9,416.479199242,4611.681063022532
malvern hills,e07000235,2018,3.1,409.1375851,4480.643757102034
malvern hills,e07000235,2019,2.5,393.809763222,4434.253474077259
malvern hills,e07000235,2020,3.4,352.41834251800003,4683.648206102779
malvern hills,e07000235,2021,4.0,383.51128691,4380.189150442262
malvern hills,e07000235,2022,3.1,368.648285198,3928.998391862988
malvern hills,e07000235,2023,2.9,NA,3975.623631285846
malvern hills,e07000235,2024,2.9,NA,NA
redditch,e07000236,2015,4.6,373.5010382,3920.71168162218
redditch,e07000236,2016,4.7,349.656849976,3819.039835173202
redditch,e07000236,2017,4.4,341.608861217,3711.066225123063
redditch,e07000236,2018,4.0,337.29489644,3658.195185626654
redditch,e07000236,2019,3.6,327.48354619500003,3652.074627374129
redditch,e07000236,2020,4.6,279.003649232,3806.088017683049
redditch,e07000236,2021,4.3,300.552029206,3564.141385429346
redditch,e07000236,2022,3.6,305.42128981,3210.325643427264
redditch,e07000236,2023,3.5,NA,3297.730505920072
redditch,e07000236,2024,3.2,NA,NA
worcester,e07000237,2015,4.9,417.826465704,3861.144988595587
worcester,e07000237,2016,4.4,388.28469651,3796.18072616695
worcester,e07000237,2017,4.1,370.91009671,3716.648563787512
worcester,e07000237,2018,3.4,362.463839272,3631.678430699536
worcester,e07000237,2019,3.2,337.113234859,3558.452947608207
worcester,e07000237,2020,3.8,302.054051358,3718.282175756882
worcester,e07000237,2021,3.8,327.58407625399997,3492.640992815181
worcester,e07000237,2022,3.9,301.707805998,3168.40663834049
worcester,e07000237,2023,3.1,NA,3232.365675122221
worcester,e07000237,2024,3.0,NA,NA
wychavon,e07000238,2015,2.9,795.108201036,4729.491264649337
wychavon,e07000238,2016,3.0,768.506697523,4663.959828871764
wychavon,e07000238,2017,3.7,750.033109213,4573.781487065772
wychavon,e07000238,2018,2.8,760.021838861,4437.702267157757
wychavon,e07000238,2019,2.7,720.4293095,4373.544019934457
wychavon,e07000238,2020,3.3,654.199235705,4583.247373499824
wychavon,e07000238,2021,3.2,730.849662133,4294.26977436717
wychavon,e07000238,2022,3.1,681.547032363,3818.371045758682
wychavon,e07000238,2023,3.1,NA,3833.269608410577
wychavon,e07000238,2024,3.0,NA,NA
wyre forest,e07000239,2015,4.3,460.279902866,4071.498103235401
wyre forest,e07000239,2016,4.2,436.510845516,3996.06428167239
wyre forest,e07000239,2017,4.2,423.455447275,3897.622570559809
wyre forest,e07000239,2018,3.2,409.716662223,3767.453969591624
wyre forest,e07000239,2019,3.4,393.274405971,3717.742551975748
wyre forest,e07000239,2020,4.6,343.938382961,3884.740084007407
wyre forest,e07000239,2021,4.2,368.396673915,3581.181616245082
wyre forest,e07000239,2022,3.7,345.303262032,3221.194743183494
wyre forest,e07000239,2023,3.3,NA,3305.389891522596
wyre forest,e07000239,2024,2.7,NA,NA
bedford,e06000055,2015,5.4,837.970627183,4229.914515911257
bedford,e06000055,2016,4.6,811.015099843,4179.915191148089
bedford,e06000055,2017,4.3,794.569126455,4134.317832024503
bedford,e06000055,2018,4.3,772.802995773,4038.050376315724
bedford,e06000055,2019,3.7,730.068391611,4016.834683892554
bedford,e06000055,2020,3.4,662.9899111459999,4282.817492393501
bedford,e06000055,2021,4.5,712.565069956,4002.56312109361
bedford,e06000055,2022,3.3,676.594757888,3685.934602526306
bedford,e06000055,2023,4.5,NA,3698.613742460054
bedford,e06000055,2024,3.5,NA,NA
central bedfordshire,e06000056,2015,3.4,1259.294371133,4295.086383211236
central bedfordshire,e06000056,2016,3.1,1216.567701368,4210.77239536057
central bedfordshire,e06000056,2017,2.8,1196.375263624,4108.488207967897
central bedfordshire,e06000056,2018,3.1,1188.797927752,3991.267643638148
central bedfordshire,e06000056,2019,2.1,1150.219197526,3992.321458270967
central bedfordshire,e06000056,2020,3.0,1044.262793694,4223.35972586746
central bedfordshire,e06000056,2021,3.3,1104.667729243,3992.233297926236
central bedfordshire,e06000056,2022,2.3,1041.739059878,3623.474241003804
central bedfordshire,e06000056,2023,3.2,NA,3682.277985374692
central bedfordshire,e06000056,2024,2.9,NA,NA
luton,e06000032,2015,5.7,748.186262867,3792.395358127921
luton,e06000032,2016,5.5,710.048131665,3683.415680433734
luton,e06000032,2017,4.8,682.319206188,3620.431962096136
luton,e06000032,2018,5.5,661.397833465,3533.232654008882
luton,e06000032,2019,4.2,622.147113709,3524.172987126879
luton,e06000032,2020,4.5,551.220819428,3716.475870484464
luton,e06000032,2021,7.3,579.274692573,3509.54047353435
luton,e06000032,2022,4.7,552.159304886,3318.874607179784
luton,e06000032,2023,5.2,NA,3386.165449274798
luton,e06000032,2024,5.9,NA,NA
peterborough,e06000031,2015,5.7,1068.329626616,3892.613734407884
peterborough,e06000031,2016,4.5,1026.199201933,3830.138517356077
peterborough,e06000031,2017,4.5,1013.978258455,3766.154861464142
peterborough,e06000031,2018,5.0,989.044983732,3661.797985427984
peterborough,e06000031,2019,4.9,957.222339596,3650.262056643614
peterborough,e06000031,2020,4.8,851.773311994,3828.352252532582
peterborough,e06000031,2021,5.0,913.501385365,3596.571760237045
peterborough,e06000031,2022,3.9,899.913103922,3293.289296623034
peterborough,e06000031,2023,5.0,NA,3334.956922344202
peterborough,e06000031,2024,4.6,NA,NA
southend-on-sea,e06000033,2015,5.3,658.348384137,4074.870354111551
southend-on-sea,e06000033,2016,5.1,622.134957028,3983.610110416074
southend-on-sea,e06000033,2017,4.8,596.849166381,3919.859418890278
southend-on-sea,e06000033,2018,4.2,581.237200105,3819.551742867116
southend-on-sea,e06000033,2019,3.6,541.744837901,3754.1579773208
southend-on-sea,e06000033,2020,3.9,491.723741987,3987.162407278208
southend-on-sea,e06000033,2021,4.9,517.022649175,3654.342345047125
southend-on-sea,e06000033,2022,3.1,477.30496425,3298.488145015152
southend-on-sea,e06000033,2023,4.9,NA,3324.641232497071
southend-on-sea,e06000033,2024,4.0,NA,NA
thurrock,e06000034,2015,6.3,930.532542979,4394.136345275957
thurrock,e06000034,2016,5.2,895.520650814,4312.106636119084
thurrock,e06000034,2017,4.2,869.868544928,4247.498942096091
thurrock,e06000034,2018,4.5,896.872545292,4126.705008464035
thurrock,e06000034,2019,4.1,821.036424348,4060.674130422079
thurrock,e06000034,2020,4.6,785.1353955870001,4276.571522832034
thurrock,e06000034,2021,4.9,819.456729326,3938.051726666677
thurrock,e06000034,2022,3.2,776.352150252,3569.526445425092
thurrock,e06000034,2023,4.5,NA,3583.398671481873
thurrock,e06000034,2024,3.9,NA,NA
cambridge,e07000008,2015,3.0,621.562767979,3977.947673201122
cambridge,e07000008,2016,3.5,578.345265034,3974.415707580524
cambridge,e07000008,2017,3.4,554.778453981,4007.715897640576
cambridge,e07000008,2018,4.2,543.696480917,3936.987855401214
cambridge,e07000008,2019,2.3,510.494792717,3991.83813830749
cambridge,e07000008,2020,3.8,458.116612486,4290.656949267948
cambridge,e07000008,2021,3.9,493.625863697,4105.570550308265
cambridge,e07000008,2022,2.8,461.236918034,3896.457926375725
cambridge,e07000008,2023,4.3,NA,3925.160878536786
cambridge,e07000008,2024,5.0,NA,NA
east cambridgeshire,e07000009,2015,3.3,558.192067198,4575.117848698632
east cambridgeshire,e07000009,2016,3.2,546.144239168,4510.808428295037
east cambridgeshire,e07000009,2017,2.3,536.806476398,4438.892034220527
east cambridgeshire,e07000009,2018,2.3,534.937268356,4321.896347802067
east cambridgeshire,e07000009,2019,2.0,517.860317751,4287.219070471776
east cambridgeshire,e07000009,2020,2.9,466.764512075,4550.44444490312
east cambridgeshire,e07000009,2021,3.2,490.647779372,4295.948502193753
east cambridgeshire,e07000009,2022,2.0,493.513884147,3943.899440050044
east cambridgeshire,e07000009,2023,3.0,NA,3942.526631641618
east cambridgeshire,e07000009,2024,2.8,NA,NA
fenland,e07000010,2015,4.5,662.968053823,4501.126610438166
fenland,e07000010,2016,3.8,637.689131339,4443.211541751538
fenland,e07000010,2017,3.2,613.068194649,4377.923457194297
fenland,e07000010,2018,4.0,611.667453432,4230.106690622485
fenland,e07000010,2019,3.2,570.810186966,4166.972895009158
fenland,e07000010,2020,3.7,522.27381496,4361.975211830834
fenland,e07000010,2021,4.6,573.4825116009999,4051.13351597497
fenland,e07000010,2022,2.9,535.570484881,3656.313853052725
fenland,e07000010,2023,4.5,NA,3652.477470848872
fenland,e07000010,2024,4.7,NA,NA
huntingdonshire,e07000011,2015,2.8,1121.959135209,4316.69346098665
huntingdonshire,e07000011,2016,2.6,1084.672103439,4268.345328549018
huntingdonshire,e07000011,2017,2.6,1071.000764611,4184.464283674037
huntingdonshire,e07000011,2018,2.8,1056.978528407,4072.568826355934
huntingdonshire,e07000011,2019,2.4,1010.438603175,4062.555267904094
huntingdonshire,e07000011,2020,3.5,967.321005822,4328.59327482552
huntingdonshire,e07000011,2021,3.3,1024.788593752,4037.508349413204
huntingdonshire,e07000011,2022,2.6,977.324131471,3672.239120022577
huntingdonshire,e07000011,2023,3.3,NA,3692.019928325736
huntingdonshire,e07000011,2024,2.8,NA,NA
south cambridgeshire,e07000012,2015,2.5,1019.040449672,4762.58903476628
south cambridgeshire,e07000012,2016,2.3,983.720514883,4709.368583952896
south cambridgeshire,e07000012,2017,2.0,936.938014923,4642.86653089074
south cambridgeshire,e07000012,2018,2.4,925.419526505,4549.635761568595
south cambridgeshire,e07000012,2019,1.7,879.7897414820001,4549.332502803027
south cambridgeshire,e07000012,2020,2.9,855.930106193,4891.248902484727
south cambridgeshire,e07000012,2021,3.4,925.996260583,4617.269571589847
south cambridgeshire,e07000012,2022,2.5,890.118167434,4267.164452509484
south cambridgeshire,e07000012,2023,3.5,NA,4268.971973407269
south cambridgeshire,e07000012,2024,2.3,NA,NA
basildon,e07000066,2015,5.1,846.649725574,4283.91933289729
basildon,e07000066,2016,5.1,813.1277752029999,4180.106371956534
basildon,e07000066,2017,4.1,786.890575086,4089.378675962088
basildon,e07000066,2018,4.3,770.978250261,3974.563371083736
basildon,e07000066,2019,3.6,745.014072408,3966.312975898767
basildon,e07000066,2020,4.5,688.760071925,4179.323851311129
basildon,e07000066,2021,4.9,693.760710688,3874.800920472498
basildon,e07000066,2022,2.8,653.58644827,3478.368326608372
basildon,e07000066,2023,4.9,NA,3521.23141689881
basildon,e07000066,2024,3.9,NA,NA
braintree,e07000067,2015,4.0,793.067254775,4483.348859710956
braintree,e07000067,2016,3.8,756.266514936,4403.454845790646
braintree,e07000067,2017,3.0,730.148210119,4334.302120322331
braintree,e07000067,2018,3.4,719.267142633,4261.661369616505
braintree,e07000067,2019,2.7,698.957427283,4217.412604585455
braintree,e07000067,2020,3.1,635.15452391,4492.854117195373
braintree,e07000067,2021,3.5,673.226995786,4183.001206433944
braintree,e07000067,2022,2.3,655.0260201899999,3804.868186206341
braintree,e07000067,2023,3.3,NA,3857.042047612967
braintree,e07000067,2024,3.0,NA,NA
brentwood,e07000068,2015,3.2,442.813803807,4765.046632481839
brentwood,e07000068,2016,3.4,428.270627323,4678.947780781888
brentwood,e07000068,2017,2.9,417.365004191,4604.523363267893
brentwood,e07000068,2018,3.6,403.556783677,4568.154749436648
brentwood,e07000068,2019,3.0,396.385088779,4560.366465697796
brentwood,e07000068,2020,3.0,357.2230554,4914.13359612206
brentwood,e07000068,2021,4.1,367.016406149,4634.587143639519
brentwood,e07000068,2022,2.4,356.59814104,4224.642757629762
brentwood,e07000068,2023,3.3,NA,4333.280215559712
brentwood,e07000068,2024,3.3,NA,NA
castle point,e07000069,2015,4.5,329.769751526,4473.009481931218
castle point,e07000069,2016,4.1,315.231865835,4384.05515743595
castle point,e07000069,2017,3.4,308.856889013,4315.695692141782
castle point,e07000069,2018,3.4,299.744712193,4203.873719619512
castle point,e07000069,2019,2.5,281.403173258,4159.05112339814
castle point,e07000069,2020,3.5,266.476903238,4400.386480834161
castle point,e07000069,2021,3.8,279.03571557600003,4048.296436332013
castle point,e07000069,2022,2.9,255.107563945,3598.975946425718
castle point,e07000069,2023,2.9,NA,3663.386188196572
castle point,e07000069,2024,2.9,NA,NA
chelmsford,e07000070,2015,4.4,930.944962688,4539.582961749495
chelmsford,e07000070,2016,3.6,903.502298713,4486.182127528898
chelmsford,e07000070,2017,2.9,870.494794129,4370.372927011157
chelmsford,e07000070,2018,3.8,857.079904587,4305.01540122095
chelmsford,e07000070,2019,2.5,825.300503712,4259.902465869772
chelmsford,e07000070,2020,3.3,727.825200708,4536.070016611248
chelmsford,e07000070,2021,3.9,771.02147529,4203.16473318795
chelmsford,e07000070,2022,2.6,734.3908977039999,3817.682368360077
chelmsford,e07000070,2023,2.6,NA,3859.82072042073
chelmsford,e07000070,2024,2.6,NA,NA
colchester,e07000071,2015,3.7,874.067215655,4206.89550168066
colchester,e07000071,2016,3.9,837.056355787,4104.401341115774
colchester,e07000071,2017,4.0,823.069914992,4038.219707647134
colchester,e07000071,2018,3.7,801.632082704,3926.828556116003
colchester,e07000071,2019,3.2,759.720194935,3861.286433381588
colchester,e07000071,2020,4.3,677.252803579,4073.205701858951
colchester,e07000071,2021,3.7,723.976476776,3778.179354043264
colchester,e07000071,2022,2.8,687.800827284,3418.466833709418
colchester,e07000071,2023,3.9,NA,3441.264933768332
colchester,e07000071,2024,3.4,NA,NA
epping forest,e07000072,2015,4.3,612.64919651,4913.616234257427
epping forest,e07000072,2016,3.6,587.429921734,4816.636311781519
epping forest,e07000072,2017,3.5,574.232145937,4733.314163961239
epping forest,e07000072,2018,3.7,583.472082752,4655.40801849191
epping forest,e07000072,2019,2.5,553.571941759,4622.392089722439
epping forest,e07000072,2020,3.5,508.760643741,4866.299639577656
epping forest,e07000072,2021,4.0,520.377501356,4565.091719345686
epping forest,e07000072,2022,2.5,485.430381715,4144.176397125651
epping forest,e07000072,2023,3.7,NA,4199.165609337211
epping forest,e07000072,2024,3.9,NA,NA
harlow,e07000073,2015,6.4,425.164888723,3720.68196976013
harlow,e07000073,2016,4.1,367.374733094,3659.214133173161
harlow,e07000073,2017,4.1,327.732557865,3594.966836154065
harlow,e07000073,2018,5.0,343.462491484,3603.041795718015
harlow,e07000073,2019,4.5,324.43984809200003,3631.612203828094
harlow,e07000073,2020,4.4,293.00736049,3813.5304234363057
harlow,e07000073,2021,5.0,325.43965701,3602.831371510258
harlow,e07000073,2022,3.1,304.641447772,3314.580685307279
harlow,e07000073,2023,5.4,NA,3420.31658207417
harlow,e07000073,2024,5.0,NA,NA
maldon,e07000074,2015,4.1,303.699427286,5198.179733901186
maldon,e07000074,2016,3.3,285.312317822,5096.837408119725
maldon,e07000074,2017,3.7,280.691942838,5079.805514343127
maldon,e07000074,2018,4.1,295.222654034,4937.660141345368
maldon,e07000074,2019,2.4,278.512553451,4833.529018811844
maldon,e07000074,2020,4.0,266.544222593,5168.919947799819
maldon,e07000074,2021,3.6,277.861845811,4810.268378712768
maldon,e07000074,2022,2.4,252.767425459,4301.018859593994
maldon,e07000074,2023,2.9,NA,4317.398391924997
maldon,e07000074,2024,2.7,NA,NA
rochford,e07000075,2015,3.3,334.559499038,4485.834816540486
rochford,e07000075,2016,2.6,319.916968098,4400.590812536013
rochford,e07000075,2017,3.1,311.128258956,4326.945805710507
rochford,e07000075,2018,2.9,303.631671892,4234.935045345078
rochford,e07000075,2019,2.0,288.51976610599996,4182.5537076707305
rochford,e07000075,2020,3.4,259.678709332,4407.754951651356
rochford,e07000075,2021,3.4,273.712745292,4138.124655080393
rochford,e07000075,2022,2.1,252.515304082,3650.110591209589
rochford,e07000075,2023,3.6,NA,3722.521570818319
rochford,e07000075,2024,2.6,NA,NA
tendring,e07000076,2015,5.8,670.218631058,4325.239145386708
tendring,e07000076,2016,6.4,637.744379103,4220.741651827493
tendring,e07000076,2017,5.5,624.830784064,4165.784912099127
tendring,e07000076,2018,4.8,618.897729374,4048.425171205002
tendring,e07000076,2019,3.9,601.9408048829999,3957.511425656
tendring,e07000076,2020,5.0,552.386420355,4177.762299277573
tendring,e07000076,2021,5.5,596.470976467,3878.701129157274
tendring,e07000076,2022,4.1,549.57117665,3470.016503912239
tendring,e07000076,2023,5.6,NA,3533.866363856171
tendring,e07000076,2024,4.5,NA,NA
uttlesford,e07000077,2015,2.8,536.487630452,5296.463259095337
uttlesford,e07000077,2016,2.0,529.034245876,5225.440083602553
uttlesford,e07000077,2017,2.2,518.990826102,5150.79280999926
uttlesford,e07000077,2018,3.0,520.826796632,5060.750092354237
uttlesford,e07000077,2019,2.2,512.389053224,5044.474578588671
uttlesford,e07000077,2020,3.0,425.659445727,5353.860479924082
uttlesford,e07000077,2021,3.6,458.237862433,5006.191029659196
uttlesford,e07000077,2022,2.1,462.377346414,4541.755098877315
uttlesford,e07000077,2023,2.7,NA,4547.683816966575
uttlesford,e07000077,2024,3.0,NA,NA
broxbourne,e07000095,2015,4.2,428.603032206,4362.30879840457
broxbourne,e07000095,2016,3.8,402.362950163,4285.733627617815
broxbourne,e07000095,2017,3.3,382.137958479,4201.600463093264
broxbourne,e07000095,2018,4.2,368.132481515,4128.93717162424
broxbourne,e07000095,2019,3.3,346.456408636,4099.984620482227
broxbourne,e07000095,2020,3.6,313.87717478400003,4290.276317556054
broxbourne,e07000095,2021,4.4,323.43793304400003,4026.406820922823
broxbourne,e07000095,2022,2.6,300.313715643,3690.200371163312
broxbourne,e07000095,2023,4.6,NA,3759.577154192818
broxbourne,e07000095,2024,3.4,NA,NA
dacorum,e07000096,2015,3.7,690.826951561,4228.907205891752
dacorum,e07000096,2016,3.3,670.1925506380001,4159.182836992261
dacorum,e07000096,2017,3.2,646.469497788,4073.642077018703
dacorum,e07000096,2018,3.4,629.9034673040001,3961.399500937132
dacorum,e07000096,2019,2.1,602.090824993,3951.499953419006
dacorum,e07000096,2020,3.4,550.73509989,4193.427620110818
dacorum,e07000096,2021,3.7,579.957137742,3919.976922019787
dacorum,e07000096,2022,2.6,549.023327798,3600.258607318763
dacorum,e07000096,2023,3.8,NA,3663.480270924916
dacorum,e07000096,2024,2.5,NA,NA
east hertfordshire,e07000242,2015,2.7,744.665728937,4857.445091416981
east hertfordshire,e07000242,2016,3.1,711.397338882,4764.132723158531
east hertfordshire,e07000242,2017,2.4,699.7134590860001,4687.8373969394
east hertfordshire,e07000242,2018,3.0,693.035385874,4566.385685918397
east hertfordshire,e07000242,2019,2.3,656.226927219,4525.563003769211
east hertfordshire,e07000242,2020,3.0,596.355615947,4818.820009615882
east hertfordshire,e07000242,2021,3.3,620.980888888,4499.143322286154
east hertfordshire,e07000242,2022,2.1,588.885339361,4114.825388556248
east hertfordshire,e07000242,2023,3.6,NA,4125.07828364538
east hertfordshire,e07000242,2024,2.9,NA,NA
hertsmere,e07000098,2015,4.9,506.961449763,4658.628704183812
hertsmere,e07000098,2016,3.7,483.337114422,4598.215662534451
hertsmere,e07000098,2017,3.2,458.13427951,4492.358890833912
hertsmere,e07000098,2018,4.2,451.597601849,4437.063927062581
hertsmere,e07000098,2019,2.9,424.726706678,4436.407678191988
hertsmere,e07000098,2020,3.8,385.385735215,4693.001590316522
hertsmere,e07000098,2021,4.3,404.277675323,4428.140897584586
hertsmere,e07000098,2022,3.0,379.481836312,4097.658024533312
hertsmere,e07000098,2023,3.2,NA,4150.272245161745
hertsmere,e07000098,2024,3.3,NA,NA
north hertfordshire,e07000099,2015,4.2,650.865297813,4296.661469398843
north hertfordshire,e07000099,2016,3.4,628.418076118,4234.34251659227
north hertfordshire,e07000099,2017,3.5,602.639914881,4156.09794445566
north hertfordshire,e07000099,2018,3.2,591.291644585,4035.029236969382
north hertfordshire,e07000099,2019,2.9,567.56846356,4022.852728761084
north hertfordshire,e07000099,2020,3.3,503.299636466,4283.112624844069
north hertfordshire,e07000099,2021,3.5,523.594011432,4027.062513238916
north hertfordshire,e07000099,2022,2.1,500.259453814,3681.075643151509
north hertfordshire,e07000099,2023,2.8,NA,3678.692607189549
north hertfordshire,e07000099,2024,3.0,NA,NA
st albans,e07000240,2015,2.9,649.40400911,4504.757429879943
st albans,e07000240,2016,3.0,621.657724812,4426.0995288020295
st albans,e07000240,2017,3.3,595.649527591,4323.558396481385
st albans,e07000240,2018,3.5,592.154727699,4251.585565530603
st albans,e07000240,2019,3.0,554.022316144,4263.310843434352
st albans,e07000240,2020,3.3,508.239673994,4572.56828977427
st albans,e07000240,2021,3.2,532.737292385,4282.201337888238
st albans,e07000240,2022,1.8,494.510694626,3933.168756532254
st albans,e07000240,2023,2.7,NA,3967.914516313294
st albans,e07000240,2024,2.6,NA,NA
stevenage,e07000243,2015,4.8,412.741398047,3653.671950985959
stevenage,e07000243,2016,4.4,385.822820254,3598.730979014362
stevenage,e07000243,2017,4.0,365.3502416,3508.60628508331
stevenage,e07000243,2018,3.7,363.538562255,3450.269664643158
stevenage,e07000243,2019,2.7,347.208029148,3421.223842485337
stevenage,e07000243,2020,3.5,310.43062055,3581.149908626693
stevenage,e07000243,2021,4.1,323.355840471,3362.892956077584
stevenage,e07000243,2022,2.7,305.856960477,3053.529000648174
stevenage,e07000243,2023,3.9,NA,3112.850641851706
stevenage,e07000243,2024,3.0,NA,NA
three rivers,e07000102,2015,3.1,414.967691455,4620.224325154183
three rivers,e07000102,2016,3.3,396.391220274,4523.980924307644
three rivers,e07000102,2017,2.8,382.885362841,4428.745026962692
three rivers,e07000102,2018,3.7,400.395412992,4369.508108177658
three rivers,e07000102,2019,2.6,365.888684023,4395.765801924415
three rivers,e07000102,2020,3.5,334.777262845,4588.976671718125
three rivers,e07000102,2021,3.6,351.5192303,4301.919341657856
three rivers,e07000102,2022,2.7,332.374813388,3963.489387011159
three rivers,e07000102,2023,3.3,NA,4005.586180161788
three rivers,e07000102,2024,3.6,NA,NA
watford,e07000103,2015,4.1,414.798676959,3875.052944832178
watford,e07000103,2016,3.9,385.361906262,3834.601227019899
watford,e07000103,2017,3.6,365.228621397,3755.778746612684
watford,e07000103,2018,4.2,350.466831064,3687.084761126143
watford,e07000103,2019,3.0,325.971564587,3682.85654645337
watford,e07000103,2020,4.1,289.091620028,3881.895658551387
watford,e07000103,2021,5.0,302.991840295,3681.099769837629
watford,e07000103,2022,2.7,281.08298669600003,3470.019969900248
watford,e07000103,2023,3.8,NA,3507.872282571118
watford,e07000103,2024,4.2,NA,NA
welwyn hatfield,e07000241,2015,4.7,580.297102317,4120.802500176644
welwyn hatfield,e07000241,2016,4.1,543.793665359,3999.880738886213
welwyn hatfield,e07000241,2017,3.5,526.977754632,3911.704752859844
welwyn hatfield,e07000241,2018,3.8,524.401171635,3830.990106570456
welwyn hatfield,e07000241,2019,3.1,496.661019539,3804.753679671716
welwyn hatfield,e07000241,2020,3.2,448.635646588,4046.452061961738
welwyn hatfield,e07000241,2021,3.4,476.025929726,3780.336241534752
welwyn hatfield,e07000241,2022,2.9,446.251340249,3472.538364755439
welwyn hatfield,e07000241,2023,3.6,NA,3505.939944951318
welwyn hatfield,e07000241,2024,3.0,NA,NA
breckland,e07000143,2015,4.1,823.094264395,4793.073933306605
breckland,e07000143,2016,3.4,800.4054409510001,4715.843062244118
breckland,e07000143,2017,3.5,788.627205745,4650.767856526817
breckland,e07000143,2018,3.7,780.526790475,4525.26289838092
breckland,e07000143,2019,2.5,753.6924934360001,4477.588158911029
breckland,e07000143,2020,4.1,673.251263933,4693.270112844825
breckland,e07000143,2021,3.6,705.447986111,4403.734862382389
breckland,e07000143,2022,2.8,674.664085529,3998.955650568376
breckland,e07000143,2023,3.2,NA,3980.005787957097
breckland,e07000143,2024,3.1,NA,NA
broadland,e07000144,2015,3.1,619.033385097,4382.797167908397
broadland,e07000144,2016,3.0,636.147644054,4328.462367204749
broadland,e07000144,2017,2.7,593.15403984,4274.480443650713
broadland,e07000144,2018,3.3,613.098587468,4180.524177393962
broadland,e07000144,2019,2.3,593.706946672,4109.033073300733
broadland,e07000144,2020,2.7,530.577156532,4336.928497358951
broadland,e07000144,2021,3.1,548.404112819,4054.210905598426
broadland,e07000144,2022,2.6,518.685423848,3625.614637416589
broadland,e07000144,2023,2.6,NA,3661.124682371482
broadland,e07000144,2024,2.6,NA,NA
great yarmouth,e07000145,2015,5.9,413.738336599,4336.347004333978
great yarmouth,e07000145,2016,6.1,389.689926656,4246.295338737728
great yarmouth,e07000145,2017,6.2,383.60565457,4172.190508518166
great yarmouth,e07000145,2018,7.5,373.894275856,4051.533296419958
great yarmouth,e07000145,2019,5.2,354.159770177,3978.917058189869
great yarmouth,e07000145,2020,5.8,312.222256951,4168.146138472394
great yarmouth,e07000145,2021,5.4,339.3847515,3878.058773879949
great yarmouth,e07000145,2022,3.5,320.520151709,3466.64950898327
great yarmouth,e07000145,2023,6.5,NA,3532.151646042274
great yarmouth,e07000145,2024,5.0,NA,NA
king's lynn and west norfolk,e07000146,2015,4.6,1259.158442592,5363.73831233176
king's lynn and west norfolk,e07000146,2016,3.7,1018.693483021,5315.360531149361
king's lynn and west norfolk,e07000146,2017,3.3,996.760275524,5295.836592961068
king's lynn and west norfolk,e07000146,2018,3.6,949.756688677,5159.111098179615
king's lynn and west norfolk,e07000146,2019,3.0,885.45580851,5113.775612732961
king's lynn and west norfolk,e07000146,2020,3.4,776.763650507,5386.338285020059
king's lynn and west norfolk,e07000146,2021,4.1,815.091940551,5086.070940328718
king's lynn and west norfolk,e07000146,2022,3.2,776.18226745,4586.347182360127
king's lynn and west norfolk,e07000146,2023,3.5,NA,4541.545884362474
king's lynn and west norfolk,e07000146,2024,2.7,NA,NA
north norfolk,e07000147,2015,4.1,620.063614657,5335.821488128052
north norfolk,e07000147,2016,3.9,594.879813915,5296.398990477522
north norfolk,e07000147,2017,2.6,583.917083804,5269.745130358209
north norfolk,e07000147,2018,2.6,572.103263633,5101.666207408696
north norfolk,e07000147,2019,2.2,542.72061584,4999.75120747969
north norfolk,e07000147,2020,3.7,491.46457935,5219.8185591882
north norfolk,e07000147,2021,3.7,521.78504167,4951.570424943613
north norfolk,e07000147,2022,3.0,491.626057488,4350.856145423797
north norfolk,e07000147,2023,3.7,NA,4306.420151804253
north norfolk,e07000147,2024,3.4,NA,NA
norwich,e07000148,2015,5.9,615.179583623,3369.214523843136
norwich,e07000148,2016,5.0,562.55815077,3306.516742507997
norwich,e07000148,2017,5.0,540.617013964,3262.299232258945
norwich,e07000148,2018,4.7,522.752331249,3201.851483646381
norwich,e07000148,2019,4.1,468.461296914,3173.218542499828
norwich,e07000148,2020,4.1,413.260585296,3333.327549131235
norwich,e07000148,2021,4.7,459.694577052,3123.547096362039
norwich,e07000148,2022,2.5,425.081074026,2854.340684755835
norwich,e07000148,2023,4.9,NA,2924.914905457379
norwich,e07000148,2024,5.0,NA,NA
south norfolk,e07000149,2015,3.3,837.779474776,4878.586702178802
south norfolk,e07000149,2016,2.8,817.18005407,4780.289842735668
south norfolk,e07000149,2017,2.7,812.02538693,4743.135555898324
south norfolk,e07000149,2018,3.3,802.388856802,4592.06846014567
south norfolk,e07000149,2019,2.1,777.166679719,4507.201331183524
south norfolk,e07000149,2020,2.9,681.071949699,4763.3833994218
south norfolk,e07000149,2021,3.4,719.909993634,4411.192282794519
south norfolk,e07000149,2022,2.6,705.772331262,3936.854679223233
south norfolk,e07000149,2023,4.0,NA,3914.984047134029
south norfolk,e07000149,2024,2.9,NA,NA
babergh,e07000200,2015,3.5,547.253285956,4777.832469080105
babergh,e07000200,2016,3.2,531.356065612,4703.285446090838
babergh,e07000200,2017,3.3,534.874063253,4671.135917071328
babergh,e07000200,2018,3.6,531.865293702,4570.999719284166
babergh,e07000200,2019,2.9,501.420099585,4485.527384287356
babergh,e07000200,2020,3.0,450.627111417,4747.143069109461
babergh,e07000200,2021,3.5,477.120886739,4443.715352269158
babergh,e07000200,2022,2.5,446.995430592,4000.705429057271
babergh,e07000200,2023,3.5,NA,4027.255795482781
babergh,e07000200,2024,2.8,NA,NA
ipswich,e07000202,2015,6.2,496.33589129,3809.178289791691
ipswich,e07000202,2016,4.9,458.595759133,3727.117795943436
ipswich,e07000202,2017,4.6,441.412920803,3672.83703455677
ipswich,e07000202,2018,4.9,429.418516768,3610.110433807507
ipswich,e07000202,2019,3.8,399.553140852,3570.513678645877
ipswich,e07000202,2020,4.5,363.453991317,3777.350915577693
ipswich,e07000202,2021,4.2,381.885169301,3494.726637646275
ipswich,e07000202,2022,2.6,352.700539313,3192.353300513408
ipswich,e07000202,2023,4.1,NA,3210.415833285339
ipswich,e07000202,2024,3.7,NA,NA
mid suffolk,e07000203,2015,3.2,632.638405612,5049.428284452212
mid suffolk,e07000203,2016,3.3,627.465474922,4966.643682782059
mid suffolk,e07000203,2017,2.9,615.56717692,4901.590563416788
mid suffolk,e07000203,2018,3.4,613.083745554,4749.516521717088
mid suffolk,e07000203,2019,2.3,604.896582231,4674.721807231627
mid suffolk,e07000203,2020,3.3,533.563931887,4962.585428752409
mid suffolk,e07000203,2021,3.4,565.460378856,4674.302795637923
mid suffolk,e07000203,2022,2.2,549.263950927,4244.017310065402
mid suffolk,e07000203,2023,3.2,NA,4306.522241019779
mid suffolk,e07000203,2024,3.7,NA,NA
east suffolk,e07000244,2015,4.0,1252.71491815,4581.788600196499
east suffolk,e07000244,2016,3.9,1191.860731726,4489.197172676916
east suffolk,e07000244,2017,3.5,1175.770358472,4441.312295976651
east suffolk,e07000244,2018,3.7,1161.528118914,4314.412595994605
east suffolk,e07000244,2019,3.0,1080.819166331,4216.030360930671
east suffolk,e07000244,2020,3.7,989.323757269,4441.138127611805
east suffolk,e07000244,2021,3.9,1056.753333371,4104.078602271977
east suffolk,e07000244,2022,2.7,989.784810735,3659.587463012764
east suffolk,e07000244,2023,3.4,NA,3643.374844446208
east suffolk,e07000244,2024,3.7,NA,NA
west suffolk,e07000245,2015,3.3,1392.838768571,4508.843089640986
west suffolk,e07000245,2016,3.0,1309.284819345,4445.625721582742
west suffolk,e07000245,2017,3.0,1219.147449079,4386.198809204042
west suffolk,e07000245,2018,3.6,1204.059551034,4310.284131095313
west suffolk,e07000245,2019,2.5,1144.951220792,4268.607647880515
west suffolk,e07000245,2020,2.9,1039.860293605,4524.288525721298
west suffolk,e07000245,2021,3.7,1147.196325469,4230.819433126194
west suffolk,e07000245,2022,2.5,1100.515629705,3864.682942812816
west suffolk,e07000245,2023,4.0,NA,3857.271409285947
west suffolk,e07000245,2024,2.9,NA,NA
camden,e09000007,2015,6.3,1281.098093816,3392.11428749703
camden,e09000007,2016,5.2,1195.080727674,3316.465447675906
camden,e09000007,2017,5.3,1104.415861266,3253.324550959462
camden,e09000007,2018,5.2,1104.138046689,3111.204926864941
camden,e09000007,2019,4.2,1006.636407149,3027.335455669889
camden,e09000007,2020,4.0,895.766242265,3090.007515751751
camden,e09000007,2021,5.6,985.280525997,2910.226455015852
camden,e09000007,2022,4.1,935.610375189,2699.388997086662
camden,e09000007,2023,4.3,NA,2700.667524823637
camden,e09000007,2024,6.3,NA,NA
city of london,e09000001,2015,-,1070.666940848,7704.41125807943
city of london,e09000001,2016,-,898.4961912159999,6940.611356599584
city of london,e09000001,2017,-,794.076380031,7063.656171284642
city of london,e09000001,2018,-,783.344141594,6477.10465703144
city of london,e09000001,2019,-,691.968537369,6394.265170099515
city of london,e09000001,2020,-,540.786245115,6425.401515858207
city of london,e09000001,2021,-,570.436323495,6306.338906162455
city of london,e09000001,2022,-,550.461049516,5958.198541608554
city of london,e09000001,2023,-,NA,5910.163058687617
city of london,e09000001,2024,-,NA,NA
hackney,e09000012,2015,6.9,753.22438891,3131.038779478585
hackney,e09000012,2016,7.6,698.062927201,3053.270420743946
hackney,e09000012,2017,5.2,660.536371088,2993.122220478317
hackney,e09000012,2018,6.1,652.7549394600001,2927.385954993442
hackney,e09000012,2019,4.5,614.051755769,2877.744650692791
hackney,e09000012,2020,6.0,558.6129907220001,2988.51365582274
hackney,e09000012,2021,5.7,586.96918624,2767.848887734827
hackney,e09000012,2022,4.6,540.946584948,2599.299072028502
hackney,e09000012,2023,4.1,NA,2655.909858989107
hackney,e09000012,2024,4.8,NA,NA
hammersmith and fulham,e09000013,2015,6.5,808.22749346,3607.125229168185
hammersmith and fulham,e09000013,2016,5.9,750.996174292,3588.754375747268
hammersmith and fulham,e09000013,2017,5.8,706.251257461,3588.875000313194
hammersmith and fulham,e09000013,2018,5.5,706.825860263,3528.510736394613
hammersmith and fulham,e09000013,2019,5.3,650.336115475,3474.328340151041
hammersmith and fulham,e09000013,2020,4.4,583.601048775,3579.715007745488
hammersmith and fulham,e09000013,2021,6.6,623.397260283,3405.871472699007
hammersmith and fulham,e09000013,2022,3.7,586.003837093,3191.472540866723
hammersmith and fulham,e09000013,2023,4.8,NA,3209.92833468546
hammersmith and fulham,e09000013,2024,5.2,NA,NA
haringey,e09000014,2015,6.6,779.992207677,3477.103551410009
haringey,e09000014,2016,6.9,745.0786022030001,3401.450257623842
haringey,e09000014,2017,6.7,698.9735798739999,3337.704639144927
haringey,e09000014,2018,5.4,696.852368271,3293.344795023358
haringey,e09000014,2019,4.0,660.216798765,3234.425728867048
haringey,e09000014,2020,5.4,612.6908929370001,3385.941799297155
haringey,e09000014,2021,6.6,638.441695105,3162.886911220302
haringey,e09000014,2022,5.1,591.5243663699999,3000.718200215719
haringey,e09000014,2023,4.3,NA,3020.877858934673
haringey,e09000014,2024,5.8,NA,NA
islington,e09000019,2015,7.4,877.817471141,3182.359134872429
islington,e09000019,2016,6.5,813.406413435,3114.908413085639
islington,e09000019,2017,5.5,746.245317332,3053.745468271354
islington,e09000019,2018,5.3,729.094884887,2955.300013391319
islington,e09000019,2019,4.5,670.184750798,2907.233904329849
islington,e09000019,2020,4.7,592.901758817,3013.398524096394
islington,e09000019,2021,6.6,632.300812314,2825.51825574218
islington,e09000019,2022,3.4,598.632300606,2619.09423964751
islington,e09000019,2023,4.4,NA,2642.844425562083
islington,e09000019,2024,5.7,NA,NA
kensington and chelsea,e09000020,2015,5.8,1053.231983309,4859.948583107456
kensington and chelsea,e09000020,2016,5.3,941.201708944,4855.573769466582
kensington and chelsea,e09000020,2017,5.7,839.905153966,4878.332273638381
kensington and chelsea,e09000020,2018,6.5,813.8643878409999,4788.194932971264
kensington and chelsea,e09000020,2019,4.9,756.576257182,4666.142097830124
kensington and chelsea,e09000020,2020,4.0,666.199862069,4613.087189383553
kensington and chelsea,e09000020,2021,6.8,731.0569799460001,4511.025791051318
kensington and chelsea,e09000020,2022,3.6,700.178762,4254.309969450433
kensington and chelsea,e09000020,2023,4.9,NA,4237.619054247138
kensington and chelsea,e09000020,2024,6.0,NA,NA
lambeth,e09000022,2015,5.9,1084.859722613,3261.088388186709
lambeth,e09000022,2016,6.9,1022.729882435,3226.86977722166
lambeth,e09000022,2017,4.9,952.306768293,3180.635003538551
lambeth,e09000022,2018,6.0,936.040049209,3127.099370255182
lambeth,e09000022,2019,5.3,898.679220107,3092.065601181108
lambeth,e09000022,2020,5.5,817.517943623,3253.051158870954
lambeth,e09000022,2021,5.5,875.660535189,3027.009967500504
lambeth,e09000022,2022,3.8,803.510743851,2839.018984068663
lambeth,e09000022,2023,3.8,NA,2877.074932083937
lambeth,e09000022,2024,5.3,NA,NA
lewisham,e09000023,2015,5.7,850.139494755,3387.790289460509
lewisham,e09000023,2016,7.5,810.242127147,3324.327926494435
lewisham,e09000023,2017,5.2,769.9609340779999,3253.666393139501
lewisham,e09000023,2018,4.7,767.132578886,3171.251670971124
lewisham,e09000023,2019,4.4,737.698930874,3114.557698699124
lewisham,e09000023,2020,5.1,667.384390851,3239.299871131237
lewisham,e09000023,2021,5.7,684.326897156,3004.235013623355
lewisham,e09000023,2022,4.5,625.649518513,2812.100673708735
lewisham,e09000023,2023,4.6,NA,2860.809865673429
lewisham,e09000023,2024,5.2,NA,NA
newham,e09000025,2015,7.1,1210.006816071,3483.381943795698
newham,e09000025,2016,7.0,1137.461487301,3418.768463506372
newham,e09000025,2017,6.1,1060.8649931,3383.76190051103
newham,e09000025,2018,5.4,1040.255541844,3336.880689169153
newham,e09000025,2019,4.8,975.441601029,3292.506152373043
newham,e09000025,2020,5.7,862.4623756459999,3463.238977239093
newham,e09000025,2021,7.0,908.551793796,3285.746954669867
newham,e09000025,2022,5.2,905.052126724,3107.995972857798
newham,e09000025,2023,5.2,NA,3157.621132986237
newham,e09000025,2024,6.7,NA,NA
southwark,e09000028,2015,7.1,1264.263315604,3526.571076918675
southwark,e09000028,2016,6.8,1169.96179432,3488.878324673579
southwark,e09000028,2017,6.1,1089.983479802,3448.048601358555
southwark,e09000028,2018,6.2,1056.658220237,3398.484816486004
southwark,e09000028,2019,4.7,958.343144374,3344.850712097644
southwark,e09000028,2020,5.1,827.1977840779999,3456.539190275728
southwark,e09000028,2021,6.0,888.712449685,3224.815330532829
southwark,e09000028,2022,4.8,832.862884688,3015.875179042976
southwark,e09000028,2023,3.9,NA,3033.817897804817
southwark,e09000028,2024,5.1,NA,NA
tower hamlets,e09000030,2015,9.1,1615.728198283,3472.62972299337
tower hamlets,e09000030,2016,6.9,1432.182706922,3438.174355207736
tower hamlets,e09000030,2017,8.9,1303.576019982,3381.606304139844
tower hamlets,e09000030,2018,6.8,1279.372375189,3265.431209454327
tower hamlets,e09000030,2019,5.1,1160.949683115,3229.94852658205
tower hamlets,e09000030,2020,5.1,1011.675046099,3334.371503300694
tower hamlets,e09000030,2021,7.2,1082.587156525,3149.459304428221
tower hamlets,e09000030,2022,4.6,1016.663664911,2945.224418785903
tower hamlets,e09000030,2023,5.8,NA,2970.419601074634
tower hamlets,e09000030,2024,6.4,NA,NA
wandsworth,e09000032,2015,5.6,1000.031291954,3789.299987218596
wandsworth,e09000032,2016,4.2,970.162996894,3763.878846083228
wandsworth,e09000032,2017,4.3,911.058976338,3736.106663169362
wandsworth,e09000032,2018,4.3,894.8684957840001,3680.524565843316
wandsworth,e09000032,2019,3.3,860.037355854,3649.013226960574
wandsworth,e09000032,2020,3.5,794.990526675,3824.88638164507
wandsworth,e09000032,2021,5.3,832.757514697,3605.097441729924
wandsworth,e09000032,2022,3.0,761.718064153,3371.722360683422
wandsworth,e09000032,2023,3.4,NA,3433.804209911435
wandsworth,e09000032,2024,4.6,NA,NA
westminster,e09000033,2015,7.2,2435.083543619,4358.80254074127
westminster,e09000033,2016,5.8,2200.263016647,4315.742106168163
westminster,e09000033,2017,5.3,2033.161702908,4288.580435232169
westminster,e09000033,2018,5.7,1989.969583879,4117.43032421352
westminster,e09000033,2019,3.8,1779.822947639,3992.351166115698
westminster,e09000033,2020,4.7,1465.174424409,3909.831709939887
westminster,e09000033,2021,6.0,1638.264784709,3814.763463711879
westminster,e09000033,2022,4.0,1597.295424451,3609.08232823057
westminster,e09000033,2023,4.6,NA,3575.850157326721
westminster,e09000033,2024,5.2,NA,NA
barking and dagenham,e09000002,2015,10.4,653.481834074,3660.978353923538
barking and dagenham,e09000002,2016,7.8,606.474340624,3562.344591337193
barking and dagenham,e09000002,2017,7.6,576.708335747,3454.388037199485
barking and dagenham,e09000002,2018,5.9,565.254371398,3323.456057382286
barking and dagenham,e09000002,2019,6.0,535.47972878,3263.173563724373
barking and dagenham,e09000002,2020,6.8,484.727828547,3394.348730876508
barking and dagenham,e09000002,2021,9.0,498.722209122,3173.619948662335
barking and dagenham,e09000002,2022,4.6,473.054584207,2967.553546590907
barking and dagenham,e09000002,2023,6.8,NA,3050.312020936835
barking and dagenham,e09000002,2024,7.3,NA,NA
barnet,e09000003,2015,6.2,1372.509624276,4414.317484103988
barnet,e09000003,2016,5.2,1303.877303749,4316.006402299216
barnet,e09000003,2017,4.5,1246.353863742,4241.164733554145
barnet,e09000003,2018,4.6,1243.178507785,4136.686388489814
barnet,e09000003,2019,5.1,1181.980898413,4109.34515157924
barnet,e09000003,2020,3.9,1093.758492953,4270.823333171838
barnet,e09000003,2021,7.6,1120.534712786,4020.751569520882
barnet,e09000003,2022,5.4,1027.885686458,3769.291617460668
barnet,e09000003,2023,5.5,NA,3764.884944679599
barnet,e09000003,2024,5.1,NA,NA
bexley,e09000004,2015,6.3,954.625112204,4032.467747961081
bexley,e09000004,2016,4.7,916.192993664,3924.497146871587
bexley,e09000004,2017,4.6,879.9680975690001,3818.208779999662
bexley,e09000004,2018,4.1,824.283554808,3736.143875301386
bexley,e09000004,2019,4.2,822.608286907,3664.012763133883
bexley,e09000004,2020,4.5,747.431074291,3837.073459107644
bexley,e09000004,2021,5.2,779.079126581,3564.097725941715
bexley,e09000004,2022,3.3,721.854975345,3245.287700904866
bexley,e09000004,2023,4.1,NA,3316.208732574204
bexley,e09000004,2024,3.6,NA,NA
brent,e09000005,2015,6.6,1051.481591758,3780.069628148565
brent,e09000005,2016,7.9,1010.01904284,3750.793780995544
brent,e09000005,2017,6.3,980.154431633,3695.78485159506
brent,e09000005,2018,5.6,1002.938458214,3626.988014175339
brent,e09000005,2019,4.0,952.654191465,3592.333753652479
brent,e09000005,2020,6.3,882.638665744,3731.951744576569
brent,e09000005,2021,7.5,953.979642434,3550.369545119122
brent,e09000005,2022,5.8,871.577730241,3373.335396410145
brent,e09000005,2023,6.7,NA,3381.390843596812
brent,e09000005,2024,6.0,NA,NA
bromley,e09000006,2015,5.1,1201.497944629,4174.193409630247
bromley,e09000006,2016,4.6,1149.258727866,4057.613992110858
bromley,e09000006,2017,4.5,1087.560509051,3975.920519700332
bromley,e09000006,2018,3.7,1082.050322337,3870.849211932004
bromley,e09000006,2019,3.4,1037.843405291,3831.12751824242
bromley,e09000006,2020,4.3,942.322632071,4035.419301151319
bromley,e09000006,2021,5.0,1009.663794604,3728.938968105937
bromley,e09000006,2022,2.9,916.224024789,3408.704568301206
bromley,e09000006,2023,4.9,NA,3446.568316022899
bromley,e09000006,2024,4.5,NA,NA
croydon,e09000008,2015,5.7,1285.196479625,4030.699723005897
croydon,e09000008,2016,5.8,1219.489649796,3927.489166844319
croydon,e09000008,2017,6.3,1164.911967886,3819.860207748764
croydon,e09000008,2018,5.9,1169.434438279,3709.533670093669
croydon,e09000008,2019,5.6,1122.268975321,3716.111618169733
croydon,e09000008,2020,4.8,1029.31953289,3923.867198482315
croydon,e09000008,2021,7.8,1109.792623655,3675.909763619396
croydon,e09000008,2022,4.8,1017.262977769,3417.834889565887
croydon,e09000008,2023,5.5,NA,3455.369976326511
croydon,e09000008,2024,5.3,NA,NA
ealing,e09000009,2015,6.6,1336.855087458,3868.33419816991
ealing,e09000009,2016,6.3,1240.754179997,3812.514281017868
ealing,e09000009,2017,5.2,1199.042623946,3782.891203627427
ealing,e09000009,2018,5.1,1187.805151532,3795.459150167487
ealing,e09000009,2019,5.6,1114.853739306,3776.780101640875
ealing,e09000009,2020,5.1,1012.338657679,3973.34216510031
ealing,e09000009,2021,7.6,1106.44196204,3783.444820728478
ealing,e09000009,2022,5.4,1040.583792011,3598.658023376053
ealing,e09000009,2023,5.0,NA,3670.068055270222
ealing,e09000009,2024,4.8,NA,NA
enfield,e09000010,2015,6.5,1145.193724409,4005.559564963108
enfield,e09000010,2016,6.3,1088.124189385,3912.138586863906
enfield,e09000010,2017,6.1,1042.585975836,3821.056561391179
enfield,e09000010,2018,5.5,1036.083997552,3724.822524264713
enfield,e09000010,2019,5.9,999.024959948,3671.998283278371
enfield,e09000010,2020,5.3,912.847601086,3815.306658727723
enfield,e09000010,2021,7.9,936.460055241,3541.899002273969
enfield,e09000010,2022,5.8,868.527794557,3312.786395976352
enfield,e09000010,2023,6.3,NA,3320.69033462399
enfield,e09000010,2024,4.9,NA,NA
greenwich,e09000011,2015,7.3,916.398198691,3574.015061349218
greenwich,e09000011,2016,6.7,879.474771085,3507.411850782561
greenwich,e09000011,2017,5.8,842.149705699,3442.164294679531
greenwich,e09000011,2018,5.4,854.550842526,3371.143900958366
greenwich,e09000011,2019,4.8,811.520823914,3336.599851996144
greenwich,e09000011,2020,4.7,737.305461548,3465.326632938007
greenwich,e09000011,2021,6.9,807.789204702,3241.132615677637
greenwich,e09000011,2022,5.2,741.023520333,3012.39152842267
greenwich,e09000011,2023,4.5,NA,3037.172657345046
greenwich,e09000011,2024,5.4,NA,NA
harrow,e09000015,2015,4.7,760.991595704,4168.122257659252
harrow,e09000015,2016,4.9,715.940102628,4122.843332981826
harrow,e09000015,2017,4.2,678.549719726,4040.08248723291
harrow,e09000015,2018,3.4,678.058225841,3975.545927846686
harrow,e09000015,2019,4.5,650.157509787,3979.996833387676
harrow,e09000015,2020,4.4,594.908975069,4156.544341251172
harrow,e09000015,2021,6.7,601.464770631,3968.12942470746
harrow,e09000015,2022,5.0,545.565978802,3672.520692302384
harrow,e09000015,2023,4.8,NA,3698.795588143763
harrow,e09000015,2024,4.5,NA,NA
havering,e09000016,2015,6.4,889.6577373060001,4136.495808106405
havering,e09000016,2016,5.2,845.526576503,4008.571777874806
havering,e09000016,2017,4.9,810.999446161,3871.119760347844
havering,e09000016,2018,4.5,812.081288276,3778.489045437627
havering,e09000016,2019,5.0,771.405215666,3732.238618548407
havering,e09000016,2020,4.7,713.828583536,3901.967259495638
havering,e09000016,2021,5.1,763.3713124569999,3610.767954220537
havering,e09000016,2022,3.4,697.749763634,3288.358200442361
havering,e09000016,2023,4.3,NA,3360.378678394347
havering,e09000016,2024,3.9,NA,NA
hillingdon,e09000017,2015,5.8,1558.4944531909998,4116.364439211544
hillingdon,e09000017,2016,4.8,1477.822950729,4040.071628835931
hillingdon,e09000017,2017,5.2,1414.231521111,3950.621531684463
hillingdon,e09000017,2018,4.1,1391.507561778,3872.518520673354
hillingdon,e09000017,2019,4.4,1338.140390216,3864.138344280339
hillingdon,e09000017,2020,5.3,1114.806644928,4038.796418542147
hillingdon,e09000017,2021,6.2,1222.074009486,3794.134427304944
hillingdon,e09000017,2022,4.8,1201.812853547,3525.866192080702
hillingdon,e09000017,2023,6.9,NA,3566.463052364272
hillingdon,e09000017,2024,4.7,NA,NA
hounslow,e09000018,2015,5.3,1129.960666209,3936.705523743979
hounslow,e09000018,2016,5.5,1057.365184841,3886.829670326368
hounslow,e09000018,2017,6.1,992.30749292,3851.461169348774
hounslow,e09000018,2018,5.1,982.553514811,3804.394132326267
hounslow,e09000018,2019,5.3,924.539625606,3777.89191094948
hounslow,e09000018,2020,4.5,815.615780779,3958.758606989681
hounslow,e09000018,2021,8.1,894.086030665,3748.132517369173
hounslow,e09000018,2022,5.0,850.740278379,3516.637252450431
hounslow,e09000018,2023,4.7,NA,3567.878071057093
hounslow,e09000018,2024,5.4,NA,NA
kingston upon thames,e09000021,2015,4.8,683.300739264,4056.940760961197
kingston upon thames,e09000021,2016,5.0,655.520668867,3964.024042838395
kingston upon thames,e09000021,2017,4.2,626.968233953,3864.768261389847
kingston upon thames,e09000021,2018,4.3,624.066507583,3761.868685581532
kingston upon thames,e09000021,2019,3.4,593.107236482,3766.794040401153
kingston upon thames,e09000021,2020,4.5,529.500871897,3943.766472490039
kingston upon thames,e09000021,2021,4.5,574.16590539,3696.075358884829
kingston upon thames,e09000021,2022,3.2,527.735141706,3394.875953222697
kingston upon thames,e09000021,2023,3.6,NA,3403.476414365334
kingston upon thames,e09000021,2024,3.7,NA,NA
merton,e09000024,2015,5.4,727.276847329,4036.539370181217
merton,e09000024,2016,4.8,687.329842824,3984.831533705879
merton,e09000024,2017,4.4,645.663344081,3953.401287908854
merton,e09000024,2018,3.9,645.76207735,3875.083640889502
merton,e09000024,2019,4.5,614.653273255,3869.871276743624
merton,e09000024,2020,4.3,554.556621009,4087.687757377753
merton,e09000024,2021,6.5,602.79110407,3824.011919328974
merton,e09000024,2022,3.5,553.2177455149999,3571.754162876472
merton,e09000024,2023,4.8,NA,3619.632945831109
merton,e09000024,2024,4.1,NA,NA
redbridge,e09000026,2015,6.4,878.571644752,3904.070146420297
redbridge,e09000026,2016,5.6,843.834507717,3808.461890774843
redbridge,e09000026,2017,5.1,807.471369141,3743.887421425321
redbridge,e09000026,2018,4.9,813.9555251620001,3646.043425768455
redbridge,e09000026,2019,4.7,769.864693974,3588.235434449693
redbridge,e09000026,2020,4.2,708.731597989,3785.820788573717
redbridge,e09000026,2021,8.1,726.734313439,3547.290481236139
redbridge,e09000026,2022,5.6,671.081780256,3273.528892987816
redbridge,e09000026,2023,5.0,NA,3347.646062322268
redbridge,e09000026,2024,5.9,NA,NA
richmond upon thames,e09000027,2015,4.5,752.87193122,4237.450668083384
richmond upon thames,e09000027,2016,3.9,714.114594679,4184.151459543863
richmond upon thames,e09000027,2017,4.1,677.123172881,4135.814101607476
richmond upon thames,e09000027,2018,3.5,668.380043669,4024.401715326982
richmond upon thames,e09000027,2019,3.2,633.784852865,4019.12430803018
richmond upon thames,e09000027,2020,3.5,574.967498009,4196.73197219289
richmond upon thames,e09000027,2021,4.5,625.49662534,3880.338464981189
richmond upon thames,e09000027,2022,3.4,574.840523285,3531.62436467934
richmond upon thames,e09000027,2023,3.9,NA,3522.876766937574
richmond upon thames,e09000027,2024,4.1,NA,NA
sutton,e09000029,2015,5.2,688.075908301,4156.186718245266
sutton,e09000029,2016,4.9,649.85956511,4035.238460966725
sutton,e09000029,2017,5.0,620.516982395,3961.267715014833
sutton,e09000029,2018,4.5,619.13463859,3831.758195805968
sutton,e09000029,2019,4.7,590.154874499,3827.744275747569
sutton,e09000029,2020,4.6,550.232637714,4010.685703899051
sutton,e09000029,2021,4.9,588.093359337,3743.033203822579
sutton,e09000029,2022,3.6,543.985410722,3430.183733672648
sutton,e09000029,2023,4.6,NA,3412.879433626723
sutton,e09000029,2024,4.4,NA,NA
waltham forest,e09000031,2015,7.3,779.943210773,3565.312108339469
waltham forest,e09000031,2016,6.4,742.9850379310001,3480.581304507794
waltham forest,e09000031,2017,5.2,705.109720608,3421.167728430707
waltham forest,e09000031,2018,4.2,705.565347844,3360.57765804407
waltham forest,e09000031,2019,5.0,662.2338299749999,3294.84446023422
waltham forest,e09000031,2020,5.8,605.297392823,3433.26554858971
waltham forest,e09000031,2021,8.1,625.753210605,3209.024785067348
waltham forest,e09000031,2022,6.3,571.365607418,2995.349244038957
waltham forest,e09000031,2023,5.5,NA,3034.217175122623
waltham forest,e09000031,2024,4.2,NA,NA
bracknell forest,e06000036,2015,3.4,514.012376971,4239.616056451124
bracknell forest,e06000036,2016,3.2,485.201405691,4154.951962706496
bracknell forest,e06000036,2017,2.9,462.915318689,4066.586262989175
bracknell forest,e06000036,2018,2.5,464.030098752,3987.562927839533
bracknell forest,e06000036,2019,2.5,440.237752881,4016.993399313399
bracknell forest,e06000036,2020,3.4,398.804757654,4242.819885652853
bracknell forest,e06000036,2021,3.6,420.02292259,4040.089624965394
bracknell forest,e06000036,2022,2.8,386.117048076,3662.733409682991
bracknell forest,e06000036,2023,3.0,NA,3747.086703503318
bracknell forest,e06000036,2024,3.3,NA,NA
brighton and hove,e06000043,2015,5.8,1040.693634497,3651.66852161204
brighton and hove,e06000043,2016,5.7,978.66556511,3546.383933803549
brighton and hove,e06000043,2017,4.8,935.568129715,3495.188975435399
brighton and hove,e06000043,2018,5.7,912.550140698,3371.280383334537
brighton and hove,e06000043,2019,4.2,854.101005946,3343.807795528786
brighton and hove,e06000043,2020,5.5,760.566333236,3508.423069198
brighton and hove,e06000043,2021,4.8,792.704755439,3258.493202161576
brighton and hove,e06000043,2022,3.5,753.122839356,3015.506390850955
brighton and hove,e06000043,2023,4.7,NA,3075.710389375702
brighton and hove,e06000043,2024,4.8,NA,NA
isle of wight,e06000046,2015,5.6,593.811532392,4388.511414873634
isle of wight,e06000046,2016,5.6,571.061233774,4274.791246914298
isle of wight,e06000046,2017,4.4,540.260630251,4225.040198443538
isle of wight,e06000046,2018,4.0,524.330484001,4111.802508377604
isle of wight,e06000046,2019,4.1,493.186744336,4027.012301749191
isle of wight,e06000046,2020,4.7,450.954618523,4165.163270726092
isle of wight,e06000046,2021,4.7,481.706505126,3879.637337639766
isle of wight,e06000046,2022,4.8,448.169736621,3484.632331248451
isle of wight,e06000046,2023,4.2,NA,3507.386972998577
isle of wight,e06000046,2024,4.5,NA,NA
medway,e06000035,2015,7.3,946.944509502,3963.139157542481
medway,e06000035,2016,6.6,892.481447782,3842.702772251022
medway,e06000035,2017,4.9,884.886959283,3749.207253800577
medway,e06000035,2018,4.0,850.662235353,3634.019697129062
medway,e06000035,2019,4.1,817.074112209,3616.761788994893
medway,e06000035,2020,4.8,748.693753643,3826.413172851544
medway,e06000035,2021,4.2,783.836655013,3598.605169709084
medway,e06000035,2022,3.3,753.925625846,3300.219093202351
medway,e06000035,2023,4.0,NA,3379.436134617578
medway,e06000035,2024,3.5,NA,NA
milton keynes,e06000042,2015,5.6,1366.916578269,4022.88677867906
milton keynes,e06000042,2016,4.6,1285.246156779,3932.841521668765
milton keynes,e06000042,2017,4.4,1228.919963229,3881.223192882887
milton keynes,e06000042,2018,4.2,1191.350935122,3806.464459235208
milton keynes,e06000042,2019,3.7,1132.95691405,3782.491436166977
milton keynes,e06000042,2020,4.0,1020.171210794,4044.204318559882
milton keynes,e06000042,2021,3.9,1062.766132861,3857.662730964292
milton keynes,e06000042,2022,2.9,1013.945627968,3591.944796841279
milton keynes,e06000042,2023,3.7,NA,3660.139126821338
milton keynes,e06000042,2024,3.9,NA,NA
portsmouth,e06000044,2015,6.5,865.131888571,3633.49798494288
portsmouth,e06000044,2016,6.1,804.822121757,3512.733160237785
portsmouth,e06000044,2017,4.3,761.1555916579999,3447.435667700692
portsmouth,e06000044,2018,4.4,731.181141769,3349.585625428486
portsmouth,e06000044,2019,3.8,691.8693986010001,3311.009732514388
portsmouth,e06000044,2020,5.3,637.0569623480001,3433.856409256253
portsmouth,e06000044,2021,4.8,666.181579703,3197.447038380733
portsmouth,e06000044,2022,3.9,622.363766841,2944.738442819496
portsmouth,e06000044,2023,3.8,NA,3006.623373118084
portsmouth,e06000044,2024,4.6,NA,NA
reading,e06000038,2015,5.2,644.092175449,4115.10651476588
reading,e06000038,2016,4.8,599.5328924199999,4058.639365251212
reading,e06000038,2017,3.6,565.392530867,4004.958521910215
reading,e06000038,2018,3.9,550.730817732,3965.124357551657
reading,e06000038,2019,3.8,514.295546432,3908.595725865889
reading,e06000038,2020,3.9,459.923276022,4106.943189305904
reading,e06000038,2021,4.3,496.70635447,3871.514884008559
reading,e06000038,2022,3.1,466.145759379,3620.473657553669
reading,e06000038,2023,3.7,NA,3707.651748121533
reading,e06000038,2024,3.7,NA,NA
slough,e06000039,2015,4.5,708.845483721,3809.405910496394
slough,e06000039,2016,5.0,659.7823822189999,3748.406115242115
slough,e06000039,2017,4.0,632.549252009,3671.889606365171
slough,e06000039,2018,3.5,626.007938385,3625.611536964981
slough,e06000039,2019,4.5,595.845209059,3609.551630093428
slough,e06000039,2020,4.5,559.061950315,3756.500179118776
slough,e06000039,2021,6.9,605.706354649,3583.87771255427
slough,e06000039,2022,5.2,604.9919284929999,3366.732436794758
slough,e06000039,2023,4.5,NA,3434.496065403553
slough,e06000039,2024,5.8,NA,NA
southampton,e06000045,2015,5.8,910.216540364,4040.681344649617
southampton,e06000045,2016,5.9,846.407760232,3935.424381669125
southampton,e06000045,2017,4.6,800.124719639,3871.45401683592
southampton,e06000045,2018,5.5,780.51569035,3803.577675647909
southampton,e06000045,2019,4.3,738.5226388780001,3755.429118663556
southampton,e06000045,2020,5.1,653.291639069,3938.245646734068
southampton,e06000045,2021,4.9,687.123762849,3711.70781774948
southampton,e06000045,2022,3.6,651.969635466,3467.470311762892
southampton,e06000045,2023,4.6,NA,3499.19042770537
southampton,e06000045,2024,5.4,NA,NA
west berkshire,e06000037,2015,2.8,978.332421014,5117.571960668343
west berkshire,e06000037,2016,3.0,927.94121456,5030.989098264899
west berkshire,e06000037,2017,2.7,875.827642584,4953.281881818455
west berkshire,e06000037,2018,2.7,859.243057994,4876.032257673963
west berkshire,e06000037,2019,2.5,813.792144337,4846.212029000321
west berkshire,e06000037,2020,2.9,720.421814073,5089.695857323517
west berkshire,e06000037,2021,3.1,765.019278978,4814.967208628076
west berkshire,e06000037,2022,2.4,739.473892321,4402.150490427182
west berkshire,e06000037,2023,2.6,NA,4410.382795723696
west berkshire,e06000037,2024,2.9,NA,NA
windsor and maidenhead,e06000040,2015,3.5,783.198134256,4883.084907250839
windsor and maidenhead,e06000040,2016,3.3,742.257754201,4805.611932503905
windsor and maidenhead,e06000040,2017,2.8,707.670489464,4712.165631343895
windsor and maidenhead,e06000040,2018,2.7,705.714459826,4647.693563418728
windsor and maidenhead,e06000040,2019,2.6,653.820529523,4612.325536874286
windsor and maidenhead,e06000040,2020,3.0,580.155389732,4856.156963216577
windsor and maidenhead,e06000040,2021,3.8,615.5508953899999,4549.463099152076
windsor and maidenhead,e06000040,2022,2.5,574.7181893530001,4185.607332487736
windsor and maidenhead,e06000040,2023,3.0,NA,4259.599732939467
windsor and maidenhead,e06000040,2024,3.2,NA,NA
wokingham,e06000041,2015,2.9,701.961368271,4561.927008805656
wokingham,e06000041,2016,3.1,663.0871077209999,4490.264284579878
wokingham,e06000041,2017,2.6,633.43225166,4400.933352146403
wokingham,e06000041,2018,2.4,623.50170828,4303.217944857367
wokingham,e06000041,2019,2.4,596.213018231,4288.647432186052
wokingham,e06000041,2020,3.1,540.3676081,4580.656426486037
wokingham,e06000041,2021,3.0,570.607508529,4321.395411151851
wokingham,e06000041,2022,2.2,532.032647159,3924.195160427582
wokingham,e06000041,2023,2.3,NA,3959.620686983483
wokingham,e06000041,2024,3.1,NA,NA
buckinghamshire,e06000060,2015,-,2499.951647129,4867.624648666238
buckinghamshire,e06000060,2016,3.5,2401.366168759,4782.06818026952
buckinghamshire,e06000060,2017,2.9,2289.872052191,4714.347249274211
buckinghamshire,e06000060,2018,2.9,2247.254176256,4609.806462465704
buckinghamshire,e06000060,2019,2.8,2158.270313451,4595.718157079897
buckinghamshire,e06000060,2020,3.5,1950.556360316,4864.354792524742
buckinghamshire,e06000060,2021,3.6,2039.222854035,4614.091547237545
buckinghamshire,e06000060,2022,2.7,1917.941006166,4223.659610244803
buckinghamshire,e06000060,2023,3.0,NA,4261.914327761756
buckinghamshire,e06000060,2024,3.2,NA,NA
eastbourne,e07000061,2015,6.2,365.941395946,3707.059668833691
eastbourne,e07000061,2016,5.9,341.832369743,3593.824169841886
eastbourne,e07000061,2017,4.5,322.232335878,3517.901607116101
eastbourne,e07000061,2018,4.8,317.536688296,3405.979651050897
eastbourne,e07000061,2019,4.4,294.841609634,3381.85346898853
eastbourne,e07000061,2020,4.8,270.941944231,3540.873401481785
eastbourne,e07000061,2021,4.8,284.492448354,3278.93985828083
eastbourne,e07000061,2022,3.7,260.88532718,3014.539410075424
eastbourne,e07000061,2023,4.8,NA,3035.782072515985
eastbourne,e07000061,2024,4.4,NA,NA
hastings,e07000062,2015,8.3,305.058126898,3832.950904073798
hastings,e07000062,2016,8.1,282.021818252,3688.143909202166
hastings,e07000062,2017,4.5,268.581786647,3631.756727437296
hastings,e07000062,2018,5.3,261.075473622,3449.78372463135
hastings,e07000062,2019,4.7,250.782737698,3409.271241968739
hastings,e07000062,2020,5.1,229.701388203,3559.04245684108
hastings,e07000062,2021,6.0,238.576482754,3234.503471393171
hastings,e07000062,2022,4.5,217.026780832,2980.327257575341
hastings,e07000062,2023,4.0,NA,3018.318816529481
hastings,e07000062,2024,6.1,NA,NA
lewes,e07000063,2015,5.1,446.342390018,4254.88803898879
lewes,e07000063,2016,3.7,431.137470423,4149.028500718777
lewes,e07000063,2017,3.4,415.608500645,4099.177173630213
lewes,e07000063,2018,3.1,409.859883049,3985.24696509241
lewes,e07000063,2019,3.4,393.081127759,3946.479987945866
lewes,e07000063,2020,4.2,352.817759431,4168.009308613268
lewes,e07000063,2021,4.2,366.869373743,3860.597831267202
lewes,e07000063,2022,3.9,345.30785139200003,3534.868072747098
lewes,e07000063,2023,3.7,NA,3543.617392288394
lewes,e07000063,2024,3.3,NA,NA
rother,e07000064,2015,4.0,506.081820341,4746.474164359842
rother,e07000064,2016,4.4,504.989842409,4611.214565745516
rother,e07000064,2017,3.8,484.027925723,4535.039614642312
rother,e07000064,2018,3.9,483.099119191,4369.268624792355
rother,e07000064,2019,3.7,451.113186403,4328.452049721599
rother,e07000064,2020,3.5,411.597132506,4559.281868978876
rother,e07000064,2021,3.3,471.639983524,4197.483526858996
rother,e07000064,2022,3.4,412.310970768,3773.747376474281
rother,e07000064,2023,4.4,NA,3763.606196820209
rother,e07000064,2024,4.1,NA,NA
wealden,e07000065,2015,3.5,817.279769194,4904.137688205554
wealden,e07000065,2016,3.8,794.274108506,4786.822125083914
wealden,e07000065,2017,2.9,769.601199218,4723.945021912846
wealden,e07000065,2018,2.9,755.792469163,4615.956219347448
wealden,e07000065,2019,2.7,725.8818196779999,4597.850254329457
wealden,e07000065,2020,3.6,646.789701458,4851.95042030198
wealden,e07000065,2021,3.6,673.448001955,4543.71683224334
wealden,e07000065,2022,3.5,639.651493727,4098.563117206896
wealden,e07000065,2023,3.3,NA,4147.705334972536
wealden,e07000065,2024,3.1,NA,NA
basingstoke and deane,e07000084,2015,3.5,989.479799246,4355.749576429508
basingstoke and deane,e07000084,2016,3.6,951.230527063,4289.018751716924
basingstoke and deane,e07000084,2017,2.5,886.4509899,4219.722256537863
basingstoke and deane,e07000084,2018,2.4,896.410096022,4184.376993420752
basingstoke and deane,e07000084,2019,2.9,854.09928889,4185.077154152101
basingstoke and deane,e07000084,2020,3.1,754.363752674,4460.300667158159
basingstoke and deane,e07000084,2021,3.5,792.480402068,4208.998214026901
basingstoke and deane,e07000084,2022,3.1,726.829397807,3867.615842322723
basingstoke and deane,e07000084,2023,3.3,NA,3945.283239449057
basingstoke and deane,e07000084,2024,3.7,NA,NA
east hampshire,e07000085,2015,3.3,686.678084874,4914.005414386306
east hampshire,e07000085,2016,3.3,667.735771438,4846.800345786601
east hampshire,e07000085,2017,3.0,656.012437481,4815.823533833046
east hampshire,e07000085,2018,2.6,639.883304974,4730.347640675196
east hampshire,e07000085,2019,2.3,609.3621343359999,4730.372148472495
east hampshire,e07000085,2020,3.2,536.103867557,4987.017369504357
east hampshire,e07000085,2021,3.3,562.690083116,4684.812863218765
east hampshire,e07000085,2022,2.9,531.5272886700001,4263.610024414857
east hampshire,e07000085,2023,3.1,NA,4328.490603806244
east hampshire,e07000085,2024,3.1,NA,NA
eastleigh,e07000086,2015,3.2,503.616980111,3852.482791004213
eastleigh,e07000086,2016,3.3,475.936187095,3765.902170475336
eastleigh,e07000086,2017,3.1,458.528482182,3696.44841824234
eastleigh,e07000086,2018,3.5,442.998060384,3629.012193975351
eastleigh,e07000086,2019,3.1,423.270320753,3635.611993560493
eastleigh,e07000086,2020,3.0,389.068880515,3856.398357746623
eastleigh,e07000086,2021,3.4,401.391496475,3617.996965944464
eastleigh,e07000086,2022,2.5,377.690622705,3276.718414998083
eastleigh,e07000086,2023,2.3,NA,3367.479099490824
eastleigh,e07000086,2024,3.2,NA,NA
fareham,e07000087,2015,3.0,459.654174609,3958.908188087477
fareham,e07000087,2016,3.5,437.742034227,3847.472120199747
fareham,e07000087,2017,2.8,418.402143767,3784.894014848615
fareham,e07000087,2018,2.4,421.046253094,3723.501511002358
fareham,e07000087,2019,2.5,384.409733736,3699.12319501321
fareham,e07000087,2020,3.0,343.397406812,3879.243619985954
fareham,e07000087,2021,3.8,358.962883578,3580.82714463224
fareham,e07000087,2022,2.2,326.807668151,3196.461666613692
fareham,e07000087,2023,2.4,NA,3297.678189029945
fareham,e07000087,2024,2.9,NA,NA
gosport,e07000088,2015,4.9,272.278334064,3754.512441970772
gosport,e07000088,2016,4.2,257.06183963,3651.137905764939
gosport,e07000088,2017,3.5,243.918320425,3605.675726781294
gosport,e07000088,2018,4.2,228.546799184,3531.036295355161
gosport,e07000088,2019,3.4,215.165368227,3478.592208037348
gosport,e07000088,2020,4.4,196.261702675,3654.254996177582
gosport,e07000088,2021,4.2,202.520955661,3385.353987862816
gosport,e07000088,2022,4.0,185.137422118,3054.704337423156
gosport,e07000088,2023,3.4,NA,3112.292684983002
gosport,e07000088,2024,3.4,NA,NA
hart,e07000089,2015,2.4,428.494294573,4703.834338955178
hart,e07000089,2016,2.5,415.820490985,4649.337103061363
hart,e07000089,2017,2.3,401.016775526,4543.070656966828
hart,e07000089,2018,2.6,398.450589352,4483.755772086108
hart,e07000089,2019,1.9,384.396342529,4466.850333981996
hart,e07000089,2020,3.1,350.447983413,4753.076809921698
hart,e07000089,2021,3.7,368.706978688,4500.42873637924
hart,e07000089,2022,2.3,343.566944346,4091.958517074573
hart,e07000089,2023,3.0,NA,4175.462956194125
hart,e07000089,2024,2.6,NA,NA
havant,e07000090,2015,5.3,464.480893238,4008.679568102581
havant,e07000090,2016,5.0,441.230333974,3919.156304956255
havant,e07000090,2017,3.6,419.989665055,3815.082077348011
havant,e07000090,2018,4.2,407.784522571,3732.433840543978
havant,e07000090,2019,3.5,384.282112731,3659.286963696381
havant,e07000090,2020,4.4,347.277891971,3821.137694296082
havant,e07000090,2021,3.8,360.034193683,3568.040072841599
havant,e07000090,2022,3.3,335.47214463899996,3175.760879735071
havant,e07000090,2023,4.0,NA,3275.238670831425
havant,e07000090,2024,4.8,NA,NA
new forest,e07000091,2015,3.5,1051.895970076,4309.527653043908
new forest,e07000091,2016,3.3,1029.513530031,4230.255021241868
new forest,e07000091,2017,2.5,991.834036849,4167.228014006409
new forest,e07000091,2018,3.0,984.998786629,4095.955586029605
new forest,e07000091,2019,2.3,931.861110911,4085.027714249657
new forest,e07000091,2020,3.4,852.659759156,4291.781919204438
new forest,e07000091,2021,3.7,904.859385567,4021.785266295921
new forest,e07000091,2022,2.7,846.302082674,3632.52516593471
new forest,e07000091,2023,2.9,NA,3672.28353377361
new forest,e07000091,2024,3.3,NA,NA
rushmoor,e07000092,2015,3.7,425.425232909,3967.89193451443
rushmoor,e07000092,2016,3.1,397.655096284,3846.535162714258
rushmoor,e07000092,2017,2.9,372.803049873,3751.492243070873
rushmoor,e07000092,2018,2.6,372.532872113,3730.536103731783
rushmoor,e07000092,2019,2.6,344.65307488,3723.462249209447
rushmoor,e07000092,2020,4.1,311.10950492,3954.015136526768
rushmoor,e07000092,2021,3.6,330.233508099,3746.682294761213
rushmoor,e07000092,2022,2.7,303.357211787,3438.957697920563
rushmoor,e07000092,2023,3.0,NA,3543.503870167151
rushmoor,e07000092,2024,3.1,NA,NA
test valley,e07000093,2015,2.6,728.271964661,4807.965838145163
test valley,e07000093,2016,3.0,722.075932871,4766.871088683954
test valley,e07000093,2017,2.4,691.740823494,4680.097744835061
test valley,e07000093,2018,2.8,703.47480818,4593.6823049673
test valley,e07000093,2019,2.7,680.150594045,4550.297203982251
test valley,e07000093,2020,3.0,595.837155634,4788.594339697172
test valley,e07000093,2021,2.7,634.183568347,4535.215632738328
test valley,e07000093,2022,2.5,602.522616349,4122.032666535649
test valley,e07000093,2023,2.3,NA,4119.699447195178
test valley,e07000093,2024,2.5,NA,NA
winchester,e07000094,2015,2.3,716.370506653,4725.350138678428
winchester,e07000094,2016,3.0,681.2866772909999,4668.332032640262
winchester,e07000094,2017,2.4,658.02480715,4615.385373162972
winchester,e07000094,2018,2.5,656.027818394,4552.543895089814
winchester,e07000094,2019,2.8,617.519914172,4529.177394895922
winchester,e07000094,2020,3.3,545.330000044,4841.829833481859
winchester,e07000094,2021,2.7,578.316862249,4644.75440305991
winchester,e07000094,2022,2.7,555.152563257,4264.310872333801
winchester,e07000094,2023,3.0,NA,4328.347834550081
winchester,e07000094,2024,2.6,NA,NA
ashford,e07000105,2015,5.1,594.832567154,4498.728083307086
ashford,e07000105,2016,5.2,562.112244919,4390.362105419777
ashford,e07000105,2017,3.5,548.4044266020001,4311.292195749583
ashford,e07000105,2018,4.0,540.315543231,4168.824353025511
ashford,e07000105,2019,4.1,511.938689138,4115.665816203369
ashford,e07000105,2020,3.6,464.789146615,4348.340719846173
ashford,e07000105,2021,4.5,492.383152039,4089.012985308448
ashford,e07000105,2022,3.5,472.837326009,3684.033632036633
ashford,e07000105,2023,3.9,NA,3734.088920494728
ashford,e07000105,2024,3.8,NA,NA
canterbury,e07000106,2015,5.6,702.645998598,4016.518282905135
canterbury,e07000106,2016,5.2,672.054103908,3887.026628783211
canterbury,e07000106,2017,4.5,641.1423153019999,3770.144235333377
canterbury,e07000106,2018,4.6,627.839795591,3644.826404815558
canterbury,e07000106,2019,4.6,601.864548681,3610.20518840091
canterbury,e07000106,2020,3.9,549.572833076,3804.239413045393
canterbury,e07000106,2021,3.6,581.378762875,3558.928582510789
canterbury,e07000106,2022,3.3,533.2769220490001,3235.376373079739
canterbury,e07000106,2023,4.1,NA,3277.258299608361
canterbury,e07000106,2024,4.1,NA,NA
dartford,e07000107,2015,5.6,535.226764136,3969.970477868437
dartford,e07000107,2016,4.4,511.410338708,3864.096667751649
dartford,e07000107,2017,2.9,499.817919045,3780.214193664613
dartford,e07000107,2018,2.7,502.004225476,3673.286080502611
dartford,e07000107,2019,2.6,469.563634092,3648.33715408801
dartford,e07000107,2020,3.3,422.693661793,3836.145783369942
dartford,e07000107,2021,4.6,457.353372231,3579.336396631817
dartford,e07000107,2022,3.3,440.72223579,3263.267004570837
dartford,e07000107,2023,3.3,NA,3325.972123449617
dartford,e07000107,2024,4.4,NA,NA
dover,e07000108,2015,5.9,552.185056889,3819.069122948917
dover,e07000108,2016,6.2,530.266954112,3709.175043618336
dover,e07000108,2017,4.6,496.378816458,3638.822358123755
dover,e07000108,2018,3.9,481.572725794,3521.641137891277
dover,e07000108,2019,4.6,454.201007573,3502.691476506763
dover,e07000108,2020,5.0,415.435156411,3678.890833061782
dover,e07000108,2021,5.2,436.654692863,3381.970951535377
dover,e07000108,2022,3.6,415.655264673,3027.949667974694
dover,e07000108,2023,3.9,NA,3078.216918824216
dover,e07000108,2024,4.7,NA,NA
gravesham,e07000109,2015,7.1,475.978712471,3996.489659842779
gravesham,e07000109,2016,6.9,449.61518056,3870.680981084754
gravesham,e07000109,2017,5.0,435.588835708,3812.047431108643
gravesham,e07000109,2018,4.5,434.122895252,3711.625883332038
gravesham,e07000109,2019,4.5,425.278022828,3668.183460339757
gravesham,e07000109,2020,4.6,376.747552521,3917.315893756769
gravesham,e07000109,2021,4.3,375.484819538,3653.257243156889
gravesham,e07000109,2022,2.9,350.081732955,3342.86504821901
gravesham,e07000109,2023,3.7,NA,3414.186582769231
gravesham,e07000109,2024,3.8,NA,NA
maidstone,e07000110,2015,4.2,740.122105055,4285.504544906668
maidstone,e07000110,2016,4.2,730.14598982,4203.977080364147
maidstone,e07000110,2017,4.0,704.283565059,4159.804455130833
maidstone,e07000110,2018,3.0,707.505240297,4033.579350980625
maidstone,e07000110,2019,2.5,680.037602029,4009.183630548155
maidstone,e07000110,2020,3.7,651.727775779,4263.560153965162
maidstone,e07000110,2021,3.7,686.0888592389999,4017.259058555635
maidstone,e07000110,2022,2.8,636.9963287960001,3656.752633128598
maidstone,e07000110,2023,3.5,NA,3715.535176612869
maidstone,e07000110,2024,3.6,NA,NA
sevenoaks,e07000111,2015,3.8,539.9779088290001,5150.50556842102
sevenoaks,e07000111,2016,3.5,517.258984103,5046.009380060139
sevenoaks,e07000111,2017,3.0,497.180869521,4976.337773172159
sevenoaks,e07000111,2018,2.8,490.008742048,4813.799651631931
sevenoaks,e07000111,2019,2.9,473.396332077,4786.963139151649
sevenoaks,e07000111,2020,3.8,427.926724668,5094.141555069526
sevenoaks,e07000111,2021,3.7,447.825054518,4768.176545097173
sevenoaks,e07000111,2022,3.0,417.175404039,4312.151279974411
sevenoaks,e07000111,2023,3.0,NA,4330.096152339786
sevenoaks,e07000111,2024,3.4,NA,NA
folkestone and hythe,e07000112,2015,5.3,466.074425691,4049.909419343936
folkestone and hythe,e07000112,2016,5.5,437.989443055,3903.988059745893
folkestone and hythe,e07000112,2017,3.8,424.138531547,3841.343533092002
folkestone and hythe,e07000112,2018,4.6,412.489361986,3690.185988570476
folkestone and hythe,e07000112,2019,4.0,389.803494391,3630.516708808481
folkestone and hythe,e07000112,2020,3.9,352.712800679,3803.493175026397
folkestone and hythe,e07000112,2021,4.1,366.602021706,3503.74689065568
folkestone and hythe,e07000112,2022,4.0,346.177980522,3131.934647563004
folkestone and hythe,e07000112,2023,5.1,NA,3196.589404112506
folkestone and hythe,e07000112,2024,4.4,NA,NA
swale,e07000113,2015,5.8,771.881590387,4130.119242144657
swale,e07000113,2016,6.2,759.040528663,4012.082773989308
swale,e07000113,2017,5.1,688.689754026,3920.483456796677
swale,e07000113,2018,6.0,677.220118888,3764.839190896846
swale,e07000113,2019,4.8,660.488944987,3739.984846815043
swale,e07000113,2020,5.1,633.694163742,3919.995590629542
swale,e07000113,2021,4.5,673.175618549,3630.019545978268
swale,e07000113,2022,2.8,607.640621572,3258.032687928734
swale,e07000113,2023,3.8,NA,3299.121557487208
swale,e07000113,2024,4.3,NA,NA
thanet,e07000114,2015,8.2,560.715437309,3937.798411184479
thanet,e07000114,2016,7.2,532.846656735,3821.589597197199
thanet,e07000114,2017,4.6,561.052562842,3732.634391655398
thanet,e07000114,2018,5.0,548.794458728,3599.512657349255
thanet,e07000114,2019,5.2,512.521619171,3553.49958728601
thanet,e07000114,2020,5.8,480.267529334,3731.871277054378
thanet,e07000114,2021,5.8,500.46138704,3441.408604430332
thanet,e07000114,2022,4.2,469.917336216,3093.080569419153
thanet,e07000114,2023,5.3,NA,3142.85683995381
thanet,e07000114,2024,5.3,NA,NA
tonbridge and malling,e07000115,2015,3.9,622.508661488,4474.387664405425
tonbridge and malling,e07000115,2016,4.1,584.74326738,4372.593216208315
tonbridge and malling,e07000115,2017,3.3,562.9044791929999,4293.418413481511
tonbridge and malling,e07000115,2018,3.2,563.646940662,4162.452543219768
tonbridge and malling,e07000115,2019,2.7,542.850597988,4136.635394266471
tonbridge and malling,e07000115,2020,3.4,486.572375631,4350.988939874014
tonbridge and malling,e07000115,2021,3.1,510.891974104,4053.366887839637
tonbridge and malling,e07000115,2022,2.5,476.334995724,3659.963380768181
tonbridge and malling,e07000115,2023,2.7,NA,3698.43032773018
tonbridge and malling,e07000115,2024,2.6,NA,NA
tunbridge wells,e07000116,2015,3.8,554.158332696,4704.79543301859
tunbridge wells,e07000116,2016,3.4,521.895476703,4574.673444880205
tunbridge wells,e07000116,2017,3.0,499.481950255,4499.010726301359
tunbridge wells,e07000116,2018,3.3,498.170306042,4420.617419893319
tunbridge wells,e07000116,2019,2.8,474.900005303,4420.334138362754
tunbridge wells,e07000116,2020,3.1,433.054281443,4699.121893627699
tunbridge wells,e07000116,2021,3.5,457.200088723,4399.613920530185
tunbridge wells,e07000116,2022,3.0,429.74651947,4022.124135492283
tunbridge wells,e07000116,2023,2.9,NA,4076.696925383399
tunbridge wells,e07000116,2024,2.8,NA,NA
cherwell,e07000177,2015,3.2,928.864338346,4696.789824660808
cherwell,e07000177,2016,3.5,901.191059631,4657.776102321274
cherwell,e07000177,2017,2.7,877.968362459,4609.806167374076
cherwell,e07000177,2018,2.8,855.936850342,4489.426123698344
cherwell,e07000177,2019,2.4,829.0890317550001,4464.064259286672
cherwell,e07000177,2020,3.1,753.617122178,4725.560633076224
cherwell,e07000177,2021,3.1,796.573050539,4463.702528464352
cherwell,e07000177,2022,2.7,748.898436777,4085.307195337783
cherwell,e07000177,2023,2.7,NA,4148.760799148153
cherwell,e07000177,2024,3.0,NA,NA
oxford,e07000178,2015,3.8,767.395767657,3924.469857460394
oxford,e07000178,2016,4.4,707.767222681,3863.5113026484
oxford,e07000178,2017,3.2,669.656267841,3830.004883614222
oxford,e07000178,2018,3.5,641.538556685,3754.560136377023
oxford,e07000178,2019,3.1,606.62860539,3764.712418118746
oxford,e07000178,2020,3.7,544.131992896,3981.923592823774
oxford,e07000178,2021,4.8,598.547231555,3802.613004931587
oxford,e07000178,2022,3.1,555.7561844420001,3593.478351976997
oxford,e07000178,2023,3.1,NA,3668.605398190376
oxford,e07000178,2024,4.5,NA,NA
south oxfordshire,e07000179,2015,2.6,786.871700111,5241.029382733299
south oxfordshire,e07000179,2016,2.7,750.137710251,5193.798076759737
south oxfordshire,e07000179,2017,2.6,716.098739665,5148.268667706152
south oxfordshire,e07000179,2018,2.5,701.218392002,5034.114953333232
south oxfordshire,e07000179,2019,2.3,669.967188142,5015.359792368167
south oxfordshire,e07000179,2020,2.7,604.6941929660001,5316.864110125472
south oxfordshire,e07000179,2021,3.3,642.736439118,5029.263522924997
south oxfordshire,e07000179,2022,2.7,607.159087351,4600.837972881404
south oxfordshire,e07000179,2023,2.6,NA,4655.668952371228
south oxfordshire,e07000179,2024,2.4,NA,NA
vale of white horse,e07000180,2015,2.8,875.631682294,4640.375490923158
vale of white horse,e07000180,2016,3.0,857.187189257,4570.31919210832
vale of white horse,e07000180,2017,2.5,824.402044534,4471.812268789302
vale of white horse,e07000180,2018,2.9,813.307234764,4365.769705020676
vale of white horse,e07000180,2019,2.8,792.487903695,4341.779961051276
vale of white horse,e07000180,2020,2.6,690.107296384,4559.213177547128
vale of white horse,e07000180,2021,3.2,733.289997636,4307.081179113015
vale of white horse,e07000180,2022,2.5,714.652232703,3894.04178039852
vale of white horse,e07000180,2023,3.4,NA,3975.177273003571
vale of white horse,e07000180,2024,3.0,NA,NA
west oxfordshire,e07000181,2015,2.9,628.278416831,4977.035023622432
west oxfordshire,e07000181,2016,2.8,610.36792509,4925.415589049893
west oxfordshire,e07000181,2017,2.3,585.561470428,4835.807923661468
west oxfordshire,e07000181,2018,2.5,576.090264739,4730.32098522171
west oxfordshire,e07000181,2019,2.0,555.843350042,4724.626819339535
west oxfordshire,e07000181,2020,3.6,500.709458843,4972.810570100015
west oxfordshire,e07000181,2021,2.9,529.042170467,4759.666710668771
west oxfordshire,e07000181,2022,2.4,500.474229113,4349.339780053507
west oxfordshire,e07000181,2023,2.2,NA,4395.06103867129
west oxfordshire,e07000181,2024,2.4,NA,NA
elmbridge,e07000207,2015,3.2,710.65509161,5364.782419763591
elmbridge,e07000207,2016,3.2,678.864917858,5287.320193490295
elmbridge,e07000207,2017,3.0,647.3006141,5207.299468466018
elmbridge,e07000207,2018,2.5,636.517618397,5085.070165364104
elmbridge,e07000207,2019,2.5,605.0168662140001,5096.998673763881
elmbridge,e07000207,2020,3.0,540.873210481,5397.743389097924
elmbridge,e07000207,2021,3.4,568.409217268,5106.64497787859
elmbridge,e07000207,2022,2.5,526.76308868,4694.444086302348
elmbridge,e07000207,2023,2.6,NA,4675.20247703955
elmbridge,e07000207,2024,3.3,NA,NA
epsom and ewell,e07000208,2015,2.7,286.306498973,4398.03901564858
epsom and ewell,e07000208,2016,2.8,272.372845737,4313.723320383306
epsom and ewell,e07000208,2017,3.5,257.159589544,4205.856972401322
epsom and ewell,e07000208,2018,3.1,253.514646384,4133.399903699697
epsom and ewell,e07000208,2019,2.2,240.004186467,4126.929635428307
epsom and ewell,e07000208,2020,2.7,218.813971005,4369.165963203473
epsom and ewell,e07000208,2021,3.3,232.149060399,4113.921266715358
epsom and ewell,e07000208,2022,2.4,214.268706915,3749.3237325677
epsom and ewell,e07000208,2023,2.3,NA,3759.362126552905
epsom and ewell,e07000208,2024,2.7,NA,NA
guildford,e07000209,2015,3.3,864.635829164,4714.601931962614
guildford,e07000209,2016,3.6,839.172725859,4615.252234966055
guildford,e07000209,2017,2.5,797.967461763,4555.256470589956
guildford,e07000209,2018,2.7,778.81733956,4453.139422802492
guildford,e07000209,2019,1.9,738.67551246,4451.1743743208845
guildford,e07000209,2020,3.0,642.2925191310001,4741.48507960048
guildford,e07000209,2021,2.8,679.729068802,4471.669675648721
guildford,e07000209,2022,2.1,651.052699252,4154.485864895155
guildford,e07000209,2023,2.4,NA,4202.837250577162
guildford,e07000209,2024,2.4,NA,NA
mole valley,e07000210,2015,3.0,520.754855918,4896.406994038499
mole valley,e07000210,2016,3.1,483.230899449,4812.623476292316
mole valley,e07000210,2017,2.8,460.106719429,4751.888196029257
mole valley,e07000210,2018,2.9,459.597536537,4633.026149971442
mole valley,e07000210,2019,2.1,430.920563624,4660.064795449249
mole valley,e07000210,2020,3.0,388.411143739,4949.58965358538
mole valley,e07000210,2021,3.2,412.165542681,4651.875835834364
mole valley,e07000210,2022,2.5,388.247384359,4242.748484515521
mole valley,e07000210,2023,1.9,NA,4214.928269362371
mole valley,e07000210,2024,2.8,NA,NA
reigate and banstead,e07000211,2015,3.4,662.08975108,4625.206036281541
reigate and banstead,e07000211,2016,3.1,626.211525687,4513.165570482554
reigate and banstead,e07000211,2017,2.7,594.329145416,4425.1372436322245
reigate and banstead,e07000211,2018,3.0,583.090923615,4323.929731379291
reigate and banstead,e07000211,2019,2.5,559.006270805,4317.389544414934
reigate and banstead,e07000211,2020,2.9,500.835647223,4581.436729010464
reigate and banstead,e07000211,2021,3.2,521.133161031,4314.195567871911
reigate and banstead,e07000211,2022,2.1,488.797208732,3935.776800102742
reigate and banstead,e07000211,2023,2.1,NA,3976.869799457244
reigate and banstead,e07000211,2024,2.5,NA,NA
runnymede,e07000212,2015,3.2,448.878322183,4662.530833246177
runnymede,e07000212,2016,3.0,422.712056809,4584.710627221971
runnymede,e07000212,2017,2.6,399.386727649,4524.002641240393
runnymede,e07000212,2018,2.7,396.845793955,4418.062620334047
runnymede,e07000212,2019,2.1,370.19178273,4426.77701831093
runnymede,e07000212,2020,3.0,327.976432148,4686.072651670869
runnymede,e07000212,2021,3.5,348.086842795,4454.414665482471
runnymede,e07000212,2022,2.5,324.906119254,4085.946871339188
runnymede,e07000212,2023,3.1,NA,4134.095982737506
runnymede,e07000212,2024,3.5,NA,NA
spelthorne,e07000213,2015,3.5,403.032057372,4334.045772646654
spelthorne,e07000213,2016,4.0,390.364365683,4274.550566550509
spelthorne,e07000213,2017,3.3,371.484188149,4215.864165778728
spelthorne,e07000213,2018,2.6,360.826933822,4163.506493409373
spelthorne,e07000213,2019,2.7,339.844827809,4165.880686516061
spelthorne,e07000213,2020,3.7,300.661460529,4407.833319577458
spelthorne,e07000213,2021,3.7,313.780905084,4146.513629106881
spelthorne,e07000213,2022,3.3,297.106210829,3807.364641580038
spelthorne,e07000213,2023,4.1,NA,3875.683668009929
spelthorne,e07000213,2024,4.2,NA,NA
surrey heath,e07000214,2015,3.1,470.545344077,4782.557998747286
surrey heath,e07000214,2016,3.0,447.05973283,4696.041993572039
surrey heath,e07000214,2017,2.7,426.25299477,4627.015162044053
surrey heath,e07000214,2018,2.6,418.304446069,4539.235243022516
surrey heath,e07000214,2019,2.3,398.587248857,4562.492475659644
surrey heath,e07000214,2020,3.4,354.838529582,4845.088490645129
surrey heath,e07000214,2021,2.9,376.230095466,4616.398417483855
surrey heath,e07000214,2022,3.3,350.935493961,4193.259534772248
surrey heath,e07000214,2023,2.6,NA,4269.338960366291
surrey heath,e07000214,2024,3.1,NA,NA
tandridge,e07000215,2015,3.0,408.430794734,5125.48659791284
tandridge,e07000215,2016,2.8,393.4092584,5003.010508240377
tandridge,e07000215,2017,2.6,376.08292005,4887.301297045381
tandridge,e07000215,2018,3.0,370.577567894,4800.274451587846
tandridge,e07000215,2019,2.5,353.782527721,4802.153663203417
tandridge,e07000215,2020,2.9,320.936751282,5102.938154101799
tandridge,e07000215,2021,2.9,337.301747486,4790.097210060641
tandridge,e07000215,2022,2.6,313.239663518,4325.255175758257
tandridge,e07000215,2023,3.4,NA,4379.286960211034
tandridge,e07000215,2024,3.7,NA,NA
waverley,e07000216,2015,3.1,655.6190866640001,5075.61628461921
waverley,e07000216,2016,2.5,639.9761294909999,5006.560526536537
waverley,e07000216,2017,2.5,615.930333636,4972.452452762906
waverley,e07000216,2018,2.3,607.733856597,4912.863217844368
waverley,e07000216,2019,1.9,582.831250072,4886.24653547343
waverley,e07000216,2020,3.0,519.466765299,5186.207652908343
waverley,e07000216,2021,2.9,546.948510355,4952.85461031504
waverley,e07000216,2022,2.4,509.099467069,4576.638137326054
waverley,e07000216,2023,2.1,NA,4631.940543454196
waverley,e07000216,2024,2.7,NA,NA
woking,e07000217,2015,3.4,488.089035725,4794.439624202516
woking,e07000217,2016,2.4,452.714867795,4765.576517876985
woking,e07000217,2017,2.3,420.319241431,4683.755796294418
woking,e07000217,2018,2.6,402.047033988,4571.991117592402
woking,e07000217,2019,2.1,381.790241219,4569.505311596795
woking,e07000217,2020,3.1,338.667947525,4877.303859141351
woking,e07000217,2021,3.8,350.001597242,4618.022919329854
woking,e07000217,2022,2.6,324.553170743,4233.782019938596
woking,e07000217,2023,3.0,NA,4227.575382285185
woking,e07000217,2024,3.1,NA,NA
adur,e07000223,2015,4.1,271.309892999,4044.44223530712
adur,e07000223,2016,5.0,258.442586466,3916.52381999771
adur,e07000223,2017,3.3,249.592863442,3819.800136449101
adur,e07000223,2018,3.3,238.525044442,3702.270855861237
adur,e07000223,2019,3.3,228.661091142,3667.816057959398
adur,e07000223,2020,3.6,199.116084593,3910.268283779471
adur,e07000223,2021,3.9,204.369114162,3603.246392337563
adur,e07000223,2022,2.9,197.586648359,3256.346315351404
adur,e07000223,2023,3.3,NA,3253.458566873877
adur,e07000223,2024,3.5,NA,NA
arun,e07000224,2015,3.8,639.247630509,4191.77439795684
arun,e07000224,2016,4.7,619.976512962,4107.435735963658
arun,e07000224,2017,3.4,613.773673991,4039.512492192261
arun,e07000224,2018,3.1,588.303677019,3942.810819264602
arun,e07000224,2019,3.1,556.690658486,3878.07334493803
arun,e07000224,2020,4.2,504.423678301,4068.916898928617
arun,e07000224,2021,3.4,521.768011656,3776.299381223656
arun,e07000224,2022,3.4,481.49888911,3411.546532719991
arun,e07000224,2023,3.3,NA,3459.106274059513
arun,e07000224,2024,4.3,NA,NA
chichester,e07000225,2015,2.9,805.311575869,5228.796344079139
chichester,e07000225,2016,3.3,788.361983046,5111.373645013909
chichester,e07000225,2017,2.7,766.430946605,5079.159723215035
chichester,e07000225,2018,2.3,748.041755211,4978.679071435914
chichester,e07000225,2019,2.8,716.804504623,4906.212915355863
chichester,e07000225,2020,3.3,646.313299819,5155.964592135396
chichester,e07000225,2021,4.1,660.253109856,4843.645457226487
chichester,e07000225,2022,3.8,622.406106297,4432.337978485074
chichester,e07000225,2023,4.0,NA,4472.89861717528
chichester,e07000225,2024,3.4,NA,NA
crawley,e07000226,2015,5.2,565.353766006,3770.462141019657
crawley,e07000226,2016,4.5,544.476636031,3678.959375218361
crawley,e07000226,2017,3.2,520.100926288,3595.808810786795
crawley,e07000226,2018,3.7,522.821999617,3496.47844910241
crawley,e07000226,2019,3.6,497.188175549,3532.108641618474
crawley,e07000226,2020,4.2,401.690980424,3693.70565981344
crawley,e07000226,2021,4.3,416.710737749,3456.197404845133
crawley,e07000226,2022,3.4,418.356486514,3164.665402781429
crawley,e07000226,2023,4.0,NA,3215.401116943976
crawley,e07000226,2024,3.8,NA,NA
horsham,e07000227,2015,3.1,738.371665932,4885.846440186133
horsham,e07000227,2016,3.0,720.184768469,4775.094345568127
horsham,e07000227,2017,2.5,691.140121893,4715.17317319272
horsham,e07000227,2018,3.1,689.307038671,4625.609420953905
horsham,e07000227,2019,2.5,647.751191993,4589.214524433543
horsham,e07000227,2020,2.9,580.544994543,4852.494843785082
horsham,e07000227,2021,3.4,601.17080012,4534.805173574863
horsham,e07000227,2022,2.1,572.154322597,4105.836488509177
horsham,e07000227,2023,2.7,NA,4076.614409618377
horsham,e07000227,2024,2.6,NA,NA
mid sussex,e07000228,2015,2.7,728.359178449,4504.407217964166
mid sussex,e07000228,2016,2.7,706.75426348,4400.831866261578
mid sussex,e07000228,2017,2.3,683.853059323,4359.805793905295
mid sussex,e07000228,2018,2.1,675.115663189,4247.651321550646
mid sussex,e07000228,2019,1.9,644.933068103,4294.698998111029
mid sussex,e07000228,2020,2.8,567.793683387,4550.161985491253
mid sussex,e07000228,2021,2.9,592.468219091,4297.430007249203
mid sussex,e07000228,2022,1.7,556.46002865,3939.460422849315
mid sussex,e07000228,2023,2.5,NA,4002.161554880343
mid sussex,e07000228,2024,2.5,NA,NA
worthing,e07000229,2015,4.2,387.859160556,3912.510627456824
worthing,e07000229,2016,4.0,366.808772081,3803.602315580579
worthing,e07000229,2017,3.5,348.291985863,3762.025690172319
worthing,e07000229,2018,3.4,342.13326846399997,3624.290714193747
worthing,e07000229,2019,3.2,317.679685991,3612.807752527295
worthing,e07000229,2020,3.9,288.103659361,3820.153960955041
worthing,e07000229,2021,4.1,292.501227503,3497.851703905653
worthing,e07000229,2022,3.6,269.690397035,3167.942946497845
worthing,e07000229,2023,3.6,NA,3179.257046118247
worthing,e07000229,2024,3.4,NA,NA
bath and north east somerset,e06000022,2015,4.1,788.3953098650001,4322.906700160669
bath and north east somerset,e06000022,2016,4.1,757.4096264469999,4220.158762640788
bath and north east somerset,e06000022,2017,3.6,725.839290826,4152.893159365391
bath and north east somerset,e06000022,2018,3.2,714.843539344,4023.527253719065
bath and north east somerset,e06000022,2019,3.3,680.855557793,3978.072339208858
bath and north east somerset,e06000022,2020,3.4,600.529243653,4225.87261407224
bath and north east somerset,e06000022,2021,3.3,653.279763203,3933.330117337994
bath and north east somerset,e06000022,2022,2.4,611.726703859,3584.935848040328
bath and north east somerset,e06000022,2023,2.4,NA,3672.467946841097
bath and north east somerset,e06000022,2024,2.8,NA,NA
"bristol, city of",e06000023,2015,5.3,1780.239182101,3754.265564122999
"bristol, city of",e06000023,2016,5.0,1640.307821248,3654.342719768666
"bristol, city of",e06000023,2017,4.4,1577.806993995,3560.374721641895
"bristol, city of",e06000023,2018,3.4,1540.319994548,3460.268728036644
"bristol, city of",e06000023,2019,4.2,1463.074523172,3426.751743191535
"bristol, city of",e06000023,2020,4.3,1315.39648341,3615.017014678399
"bristol, city of",e06000023,2021,4.6,1435.615991891,3340.359433851769
"bristol, city of",e06000023,2022,3.1,1343.974696164,3078.263711484952
"bristol, city of",e06000023,2023,3.5,NA,3168.454128859065
"bristol, city of",e06000023,2024,3.4,NA,NA
cornwall,e06000052,2015,4.2,2859.826652179,5487.757903235041
cornwall,e06000052,2016,4.3,2719.142358033,5337.346789508954
cornwall,e06000052,2017,3.3,2669.350408914,5329.155840472498
cornwall,e06000052,2018,2.7,2571.87070602,5115.400308582532
cornwall,e06000052,2019,3.3,2502.897597737,5102.116441435848
cornwall,e06000052,2020,3.4,2228.069804916,5266.469828927005
cornwall,e06000052,2021,3.9,2394.381318901,4916.239173822788
cornwall,e06000052,2022,2.8,2311.118356907,4392.507203876971
cornwall,e06000052,2023,2.9,NA,4523.101779706188
cornwall,e06000052,2024,3.0,NA,NA
isles of scilly,e06000053,2015,-,11.409381018,7683.964620535723
isles of scilly,e06000053,2016,-,9.719660319,7406.124574669184
isles of scilly,e06000053,2017,-,10.130278636,7884.694493608658
isles of scilly,e06000053,2018,-,9.967672059,7544.29544103073
isles of scilly,e06000053,2019,-,9.393735152,8291.425026288112
isles of scilly,e06000053,2020,-,7.299765473,8895.730625686057
isles of scilly,e06000053,2021,-,7.815271537,8648.529090909089
isles of scilly,e06000053,2022,-,8.474249555,7895.954406580498
isles of scilly,e06000053,2023,-,NA,8664.572019464713
isles of scilly,e06000053,2024,-,NA,NA
north somerset,e06000024,2015,3.8,996.147720485,4026.494891885194
north somerset,e06000024,2016,3.8,957.915664127,3907.753448792104
north somerset,e06000024,2017,3.0,916.993473476,3808.102618091267
north somerset,e06000024,2018,2.8,917.689587843,3707.754661633107
north somerset,e06000024,2019,3.3,871.747339213,3672.025590079129
north somerset,e06000024,2020,3.4,773.874012289,3889.179801256643
north somerset,e06000024,2021,3.3,842.992465221,3580.437827392517
north somerset,e06000024,2022,2.4,787.529093401,3259.260181564198
north somerset,e06000024,2023,2.7,NA,3395.622475579193
north somerset,e06000024,2024,2.8,NA,NA
plymouth,e06000026,2015,5.9,1054.13185474,3784.129607177966
plymouth,e06000026,2016,5.9,987.534124199,3619.685518357997
plymouth,e06000026,2017,5.2,930.845944155,3550.080747176779
plymouth,e06000026,2018,3.9,898.504997061,3431.040291706723
plymouth,e06000026,2019,4.6,870.758429836,3427.196570630838
plymouth,e06000026,2020,5.0,765.527461463,3554.33264504786
plymouth,e06000026,2021,4.2,856.58373833,3306.393046153436
plymouth,e06000026,2022,3.2,808.726108725,3025.331980658885
plymouth,e06000026,2023,3.1,NA,3168.6887062484
plymouth,e06000026,2024,3.5,NA,NA
south gloucestershire,e06000025,2015,3.7,1335.950442466,4065.643199686837
south gloucestershire,e06000025,2016,3.6,1260.3892569,3966.063318332866
south gloucestershire,e06000025,2017,3.4,1195.945640651,3856.912527767599
south gloucestershire,e06000025,2018,2.8,1186.054351789,3764.359723216025
south gloucestershire,e06000025,2019,3.0,1121.659069373,3748.191021314288
south gloucestershire,e06000025,2020,3.1,994.451332713,3944.396472643783
south gloucestershire,e06000025,2021,3.1,1111.894369551,3667.716234122155
south gloucestershire,e06000025,2022,2.1,1041.495326318,3324.647148840338
south gloucestershire,e06000025,2023,2.1,NA,3436.176414047944
south gloucestershire,e06000025,2024,2.2,NA,NA
swindon,e06000030,2015,4.8,1108.63768875,3862.020531442636
swindon,e06000030,2016,4.2,1052.79702469,3784.996270059375
swindon,e06000030,2017,4.2,1005.009249757,3724.537079316591
swindon,e06000030,2018,3.6,986.174736746,3651.368737905623
swindon,e06000030,2019,3.7,930.674874428,3631.179544973327
swindon,e06000030,2020,3.3,819.19284268,3778.468424023364
swindon,e06000030,2021,4.2,870.308818721,3536.444651783774
swindon,e06000030,2022,3.2,789.9679138,3215.281559014979
swindon,e06000030,2023,2.6,NA,3292.245312184287
swindon,e06000030,2024,2.6,NA,NA
torbay,e06000027,2015,5.9,512.1953158800001,4108.626304873676
torbay,e06000027,2016,5.5,480.401605186,3952.124889296308
torbay,e06000027,2017,4.1,482.1319222,3881.105783019573
torbay,e06000027,2018,3.2,471.83844198,3745.856741895534
torbay,e06000027,2019,4.3,452.557943211,3688.571353562678
torbay,e06000027,2020,4.5,406.514245295,3843.664077382452
torbay,e06000027,2021,4.3,426.789798252,3543.987745465472
torbay,e06000027,2022,3.0,396.691060966,3239.536731462302
torbay,e06000027,2023,3.1,NA,3289.161878497543
torbay,e06000027,2024,2.8,NA,NA
wiltshire,e06000054,2015,3.4,2659.209109861,4863.827142138743
wiltshire,e06000054,2016,3.4,2551.197758101,4794.449169319152
wiltshire,e06000054,2017,3.0,2480.699284634,4694.834576255989
wiltshire,e06000054,2018,2.6,2468.229264389,4608.805850731369
wiltshire,e06000054,2019,2.9,2372.083750385,4548.613109805566
wiltshire,e06000054,2020,3.0,2093.450218181,4740.780391681902
wiltshire,e06000054,2021,3.0,2278.611532837,4457.097317194231
wiltshire,e06000054,2022,2.2,2157.840245193,4057.557479363436
wiltshire,e06000054,2023,2.2,NA,4056.882996154296
wiltshire,e06000054,2024,2.2,NA,NA
east devon,e07000040,2015,2.5,647.720807356,4517.525160169948
east devon,e07000040,2016,3.3,627.724954899,4384.887018781701
east devon,e07000040,2017,2.6,621.99719321,4289.92788387805
east devon,e07000040,2018,2.0,621.849420973,4183.267704057464
east devon,e07000040,2019,2.1,589.825808357,4095.639687089668
east devon,e07000040,2020,3.1,518.364746944,4304.970209227263
east devon,e07000040,2021,3.2,564.484672066,3982.693385729874
east devon,e07000040,2022,2.7,539.2325433139999,3599.813146571436
east devon,e07000040,2023,2.2,NA,3630.70950126092
east devon,e07000040,2024,2.2,NA,NA
exeter,e07000041,2015,4.1,563.905453574,3586.683707058944
exeter,e07000041,2016,4.6,541.455815,3474.549926636836
exeter,e07000041,2017,4.2,422.293569937,3381.720921149844
exeter,e07000041,2018,2.8,429.166916063,3272.718984818863
exeter,e07000041,2019,3.0,400.720716328,3221.705310617506
exeter,e07000041,2020,4.1,364.32131666,3372.752883347035
exeter,e07000041,2021,3.8,377.641365055,3157.206792849289
exeter,e07000041,2022,3.1,358.937929803,2919.150475929759
exeter,e07000041,2023,2.6,NA,2973.605960237524
exeter,e07000041,2024,2.6,NA,NA
mid devon,e07000042,2015,2.9,452.774478687,4770.388093368986
mid devon,e07000042,2016,3.0,439.509083156,4644.170919323507
mid devon,e07000042,2017,2.6,428.386452081,4609.866203315784
mid devon,e07000042,2018,2.2,421.963826882,4475.886003243744
mid devon,e07000042,2019,2.9,409.164192485,4429.303652931709
mid devon,e07000042,2020,3.0,376.287332753,4635.061588327796
mid devon,e07000042,2021,3.4,405.089977914,4269.40800682408
mid devon,e07000042,2022,3.1,389.33451979,3883.346329088619
mid devon,e07000042,2023,2.2,NA,3979.673736895339
mid devon,e07000042,2024,2.4,NA,NA
north devon,e07000043,2015,2.8,540.011488741,4621.536671118016
north devon,e07000043,2016,3.6,507.887785688,4509.569378974134
north devon,e07000043,2017,2.6,507.052974616,4462.311418934702
north devon,e07000043,2018,1.9,498.296936967,4330.802821098187
north devon,e07000043,2019,2.7,475.241393362,4332.898327473153
north devon,e07000043,2020,2.6,423.496101417,4562.84850222366
north devon,e07000043,2021,3.3,454.716446183,4240.645465329243
north devon,e07000043,2022,2.6,425.705176822,3817.575027018938
north devon,e07000043,2023,2.3,NA,3919.11351036169
north devon,e07000043,2024,2.9,NA,NA
south hams,e07000044,2015,2.8,547.538555941,5508.726867457912
south hams,e07000044,2016,3.3,537.216180488,5381.881311706717
south hams,e07000044,2017,2.3,534.111308845,5331.317709376567
south hams,e07000044,2018,1.9,518.194822904,5197.816550256665
south hams,e07000044,2019,2.2,491.44565305,5168.243241787483
south hams,e07000044,2020,3.0,437.634962091,5404.960948223815
south hams,e07000044,2021,3.3,474.589351468,5086.317281714764
south hams,e07000044,2022,2.0,457.331171886,4559.196673222114
south hams,e07000044,2023,1.7,NA,4676.367432209978
south hams,e07000044,2024,2.9,NA,NA
teignbridge,e07000045,2015,2.8,751.239091918,4530.81901684896
teignbridge,e07000045,2016,3.6,739.611561658,4405.028702903041
teignbridge,e07000045,2017,2.8,743.742502694,4324.881938347729
teignbridge,e07000045,2018,2.2,693.078865467,4184.451115513752
teignbridge,e07000045,2019,2.8,676.943906146,4136.845088640013
teignbridge,e07000045,2020,3.4,589.084826635,4306.14901078942
teignbridge,e07000045,2021,3.2,632.602179833,3952.700465803671
teignbridge,e07000045,2022,2.5,605.379143373,3585.555043801652
teignbridge,e07000045,2023,2.9,NA,3618.020481769144
teignbridge,e07000045,2024,2.6,NA,NA
torridge,e07000046,2015,4.8,343.781592112,4810.795172541114
torridge,e07000046,2016,5.1,329.571479125,4712.418634192616
torridge,e07000046,2017,3.4,317.438445014,4620.673194017932
torridge,e07000046,2018,2.5,314.464873893,4487.538463576149
torridge,e07000046,2019,2.5,300.043759695,4430.000745731674
torridge,e07000046,2020,3.4,280.260157316,4607.413211729317
torridge,e07000046,2021,3.1,301.127216872,4280.710426784401
torridge,e07000046,2022,2.2,287.439485258,3837.224704010624
torridge,e07000046,2023,2.3,NA,3963.838143759972
torridge,e07000046,2024,2.5,NA,NA
west devon,e07000047,2015,2.6,381.210789331,5079.217691395177
west devon,e07000047,2016,2.7,376.655353716,4921.962231171404
west devon,e07000047,2017,2.5,383.61541523,4883.619097066621
west devon,e07000047,2018,2.3,367.17974044,4691.700810735286
west devon,e07000047,2019,2.5,370.474325371,4652.618150431571
west devon,e07000047,2020,3.0,317.874726956,4860.913967200422
west devon,e07000047,2021,3.1,356.75421787,4528.698858671952
west devon,e07000047,2022,2.3,343.453629333,4090.05065169213
west devon,e07000047,2023,2.9,NA,4227.698421991429
west devon,e07000047,2024,2.7,NA,NA
"bournemouth, christchurch and poole",e06000058,2015,4.2,1571.377517936,3929.823776881999
"bournemouth, christchurch and poole",e06000058,2016,4.4,1487.583363043,3858.468712786717
"bournemouth, christchurch and poole",e06000058,2017,3.5,1416.963674093,3781.801549999659
"bournemouth, christchurch and poole",e06000058,2018,3.2,1373.592866506,3725.050071628028
"bournemouth, christchurch and poole",e06000058,2019,3.3,1342.804194333,3686.569513277161
"bournemouth, christchurch and poole",e06000058,2020,3.8,1177.304142497,3875.200187100319
"bournemouth, christchurch and poole",e06000058,2021,4.3,1272.898394031,3628.108726412665
"bournemouth, christchurch and poole",e06000058,2022,3.0,1185.69278116,3325.190907912543
"bournemouth, christchurch and poole",e06000058,2023,3.2,NA,3355.273678199919
"bournemouth, christchurch and poole",e06000058,2024,3.1,NA,NA
dorset,e06000059,2015,3.0,2048.21922107,4570.407796263084
dorset,e06000059,2016,3.5,1975.980469849,4473.902722706553
dorset,e06000059,2017,2.7,1890.339276166,4389.957110697104
dorset,e06000059,2018,2.4,1860.989014758,4278.408481565428
dorset,e06000059,2019,2.8,1762.420219283,4236.126850115438
dorset,e06000059,2020,3.1,1589.239416403,4414.082128466402
dorset,e06000059,2021,3.4,1745.866477959,4123.896706360686
dorset,e06000059,2022,2.6,1628.150465836,3744.736794441579
dorset,e06000059,2023,2.4,NA,3783.731620154531
dorset,e06000059,2024,2.6,NA,NA
cheltenham,e07000078,2015,4.2,499.116091241,4005.152047673593
cheltenham,e07000078,2016,4.3,464.76300015,3925.88380527223
cheltenham,e07000078,2017,3.0,442.5869526,3851.645136665366
cheltenham,e07000078,2018,2.5,419.016514339,3776.730880040404
cheltenham,e07000078,2019,3.1,395.213810354,3741.845336662235
cheltenham,e07000078,2020,3.1,354.55057266200004,3925.599478965673
cheltenham,e07000078,2021,3.5,383.586479543,3692.211104728186
cheltenham,e07000078,2022,2.0,354.887342236,3377.885666052811
cheltenham,e07000078,2023,2.5,NA,3427.883413714686
cheltenham,e07000078,2024,2.0,NA,NA
cotswold,e07000079,2015,2.7,645.064800139,6020.607431748719
cotswold,e07000079,2016,2.6,616.113604993,6011.734629249408
cotswold,e07000079,2017,2.2,617.959271383,5887.785695283408
cotswold,e07000079,2018,2.2,599.929560619,5706.138110365317
cotswold,e07000079,2019,2.5,598.47556455,5604.585993706718
cotswold,e07000079,2020,2.7,521.437414935,5772.288980555359
cotswold,e07000079,2021,2.7,562.797195232,5449.996761113846
cotswold,e07000079,2022,1.9,536.348311257,4946.672332290966
cotswold,e07000079,2023,2.0,NA,4934.289803562959
cotswold,e07000079,2024,2.2,NA,NA
forest of dean,e07000080,2015,4.1,473.291060055,4929.769923709518
forest of dean,e07000080,2016,4.6,450.211780885,4837.580357486864
forest of dean,e07000080,2017,3.8,463.517102924,4768.361581370779
forest of dean,e07000080,2018,3.2,452.283413017,4632.654636561209
forest of dean,e07000080,2019,3.3,429.894982687,4597.203995748066
forest of dean,e07000080,2020,3.0,376.749065085,4781.81464184789
forest of dean,e07000080,2021,3.7,424.482602926,4479.846690376006
forest of dean,e07000080,2022,2.9,389.407114354,4029.922166308295
forest of dean,e07000080,2023,2.0,NA,4054.307206760588
forest of dean,e07000080,2024,2.3,NA,NA
gloucester,e07000081,2015,6.1,521.566044416,3968.024421522039
gloucester,e07000081,2016,4.7,506.68494194,3892.216798596094
gloucester,e07000081,2017,3.8,472.035798228,3805.830429123067
gloucester,e07000081,2018,2.9,471.52758457,3703.40982793601
gloucester,e07000081,2019,4.0,474.324369428,3670.654434792313
gloucester,e07000081,2020,4.0,411.399813314,3831.908367623877
gloucester,e07000081,2021,3.8,451.452269277,3604.168139339698
gloucester,e07000081,2022,3.0,404.216619741,3273.835402241169
gloucester,e07000081,2023,2.8,NA,3330.940473457415
gloucester,e07000081,2024,2.5,NA,NA
stroud,e07000082,2015,3.2,606.76284308,4644.105431056347
stroud,e07000082,2016,2.8,577.190199657,4562.834746653469
stroud,e07000082,2017,2.7,550.225772425,4494.292526333275
stroud,e07000082,2018,2.4,553.979472807,4361.684831113807
stroud,e07000082,2019,2.3,528.132331576,4325.65674066234
stroud,e07000082,2020,2.7,482.486624687,4564.285073629384
stroud,e07000082,2021,3.0,528.204675149,4305.8672136147125
stroud,e07000082,2022,2.4,490.977276578,3884.192618649512
stroud,e07000082,2023,1.9,NA,3931.513467481811
stroud,e07000082,2024,2.4,NA,NA
tewkesbury,e07000083,2015,4.0,563.491482468,4319.671527321067
tewkesbury,e07000083,2016,3.7,532.101435616,4239.350277377006
tewkesbury,e07000083,2017,3.1,519.664145443,4140.536694234655
tewkesbury,e07000083,2018,2.3,512.137861716,4039.535203391144
tewkesbury,e07000083,2019,3.2,485.066886558,3988.726277555117
tewkesbury,e07000083,2020,2.9,418.005870531,4181.869058701855
tewkesbury,e07000083,2021,3.5,462.309748023,3915.202659180658
tewkesbury,e07000083,2022,2.2,451.830157139,3510.540137830058
tewkesbury,e07000083,2023,2.5,NA,3590.030115412535
tewkesbury,e07000083,2024,2.5,NA,NA
mendip,e07000187,2015,4.0,NA,NA
mendip,e07000187,2016,4.2,NA,NA
mendip,e07000187,2017,4.3,NA,NA
mendip,e07000187,2018,3.9,NA,NA
mendip,e07000187,2019,3.3,NA,NA
mendip,e07000187,2020,3.4,NA,NA
mendip,e07000187,2021,3.4,NA,NA
mendip,e07000187,2022,2.5,NA,NA
mendip,e07000187,2023,2.5,NA,NA
mendip,e07000187,2024,2.2,NA,NA
sedgemoor,e07000188,2015,5.2,NA,NA
sedgemoor,e07000188,2016,4.9,NA,NA
sedgemoor,e07000188,2017,5.0,NA,NA
sedgemoor,e07000188,2018,3.7,NA,NA
sedgemoor,e07000188,2019,4.1,NA,NA
sedgemoor,e07000188,2020,3.6,NA,NA
sedgemoor,e07000188,2021,3.9,NA,NA
sedgemoor,e07000188,2022,2.8,NA,NA
sedgemoor,e07000188,2023,3.0,NA,NA
sedgemoor,e07000188,2024,2.6,NA,NA
south somerset,e07000189,2015,3.5,NA,NA
south somerset,e07000189,2016,4.1,NA,NA
south somerset,e07000189,2017,3.2,NA,NA
south somerset,e07000189,2018,2.9,NA,NA
south somerset,e07000189,2019,2.8,NA,NA
south somerset,e07000189,2020,3.4,NA,NA
south somerset,e07000189,2021,3.7,NA,NA
south somerset,e07000189,2022,2.5,NA,NA
south somerset,e07000189,2023,2.9,NA,NA
south somerset,e07000189,2024,2.5,NA,NA
somerset west and taunton,e07000246,2015,4.0,NA,NA
somerset west and taunton,e07000246,2016,3.9,NA,NA
somerset west and taunton,e07000246,2017,3.5,NA,NA
somerset west and taunton,e07000246,2018,3.7,NA,NA
somerset west and taunton,e07000246,2019,3.0,NA,NA
somerset west and taunton,e07000246,2020,3.7,NA,NA
somerset west and taunton,e07000246,2021,3.9,NA,NA
somerset west and taunton,e07000246,2022,2.7,NA,NA
somerset west and taunton,e07000246,2023,3.4,NA,NA
somerset west and taunton,e07000246,2024,3.7,NA,NA
NA,estimates for other geography types are not model-based and are taken,2015,NA,NA,NA
NA,estimates for other geography types are not model-based and are taken,2016,NA,NA,NA
NA,estimates for other geography types are not model-based and are taken,2017,NA,NA,NA
NA,estimates for other geography types are not model-based and are taken,2018,NA,NA,NA
NA,estimates for other geography types are not model-based and are taken,2019,NA,NA,NA
NA,estimates for other geography types are not model-based and are taken,2020,NA,NA,NA
NA,estimates for other geography types are not model-based and are taken,2021,NA,NA,NA
NA,estimates for other geography types are not model-based and are taken,2022,NA,NA,NA
NA,estimates for other geography types are not model-based and are taken,2023,NA,NA,NA
NA,estimates for other geography types are not model-based and are taken,2024,NA,NA,NA
