year,ua_name,ua_code,elec_consump
2015,all local authorities,e92000001,4082.351486406189
2015,all local authorities,e12000001,3570.856542694155
2015,all local authorities,e12000002,3902.752224507138
2015,all local authorities,e12000003,3791.575855401655
2015,all local authorities,e12000004,4033.525171229715
2015,all local authorities,e12000005,4059.434888212644
2015,all local authorities,e12000006,4411.762941225101
2015,all local authorities,e12000007,3826.495799171097
2015,all local authorities,e13000001,3589.602631563222
2015,all local authorities,e13000002,3999.477067223298
2015,all local authorities,e12000008,4387.069142770753
2015,all local authorities,e12000009,4454.690156218405
2015,hartlepool,e06000001,3450.995203880711
2015,middlesbrough,e06000002,3586.784651139029
2015,redcar and cleveland,e06000003,3482.938633319124
2015,stockton-on-tees,e06000004,3625.911482857411
2015,darlington,e06000005,3673.119464284216
2015,county durham,e06000047,3526.77959406697
2015,northumberland,e06000057,4118.771204356769
2015,newcastle upon tyne,e08000021,3585.8883380627108
2015,north tyneside,e08000022,3390.32577237767
2015,south tyneside,e08000023,3249.993641982072
2015,sunderland,e08000024,3441.964083110145
2015,gateshead,e08000037,3408.106658440281
2015,halton,e06000006,3629.636034814998
2015,warrington,e06000007,3773.245956439339
2015,blackburn with darwen,e06000008,3841.559573966724
2015,blackpool,e06000009,4010.249994445124
2015,cheshire east,e06000049,4316.91782177663
2015,cheshire west and chester,e06000050,4063.755446801742
2015,cumberland,e06000063,4235.067184208774
2015,westmorland and furness,e06000064,4753.236580334806
2015,burnley,e07000117,3751.193482726169
2015,chorley,e07000118,3988.88796817501
2015,fylde,e07000119,4245.6745745918
2015,hyndburn,e07000120,3653.950819113329
2015,lancaster,e07000121,4010.409146347736
2015,pendle,e07000122,3758.284285809694
2015,preston,e07000123,3878.53464400146
2015,ribble valley,e07000124,4546.489716260373
2015,rossendale,e07000125,4068.009985547376
2015,south ribble,e07000126,3950.155730159221
2015,west lancashire,e07000127,4329.311915978789
2015,wyre,e07000128,4119.792156972027
2015,bolton,e08000001,3856.426115393922
2015,bury,e08000002,3925.281753523988
2015,manchester,e08000003,3874.451033565985
2015,oldham,e08000004,3696.991143779932
2015,rochdale,e08000005,3752.866914673916
2015,salford,e08000006,3922.554368564472
2015,stockport,e08000007,3977.265499096078
2015,tameside,e08000008,3697.007369659929
2015,trafford,e08000009,4051.171344455018
2015,wigan,e08000010,3606.56548742028
2015,knowsley,e08000011,3727.570087543726
2015,liverpool,e08000012,3412.752377342974
2015,st. helens,e08000013,3589.820364444202
2015,sefton,e08000014,3832.270755566507
2015,wirral,e08000015,3728.876176968172
2015,"kingston upon hull, city of",e06000010,3443.072649636526
2015,east riding of yorkshire,e06000011,4087.169683382691
2015,north east lincolnshire,e06000012,3610.593832118409
2015,north lincolnshire,e06000013,3716.792941457594
2015,york,e06000014,3736.982393102017
2015,north yorkshire,e06000065,4485.92368239331
2015,barnsley,e08000016,3469.220887527484
2015,doncaster,e08000017,3612.930070321768
2015,rotherham,e08000018,3546.209378120709
2015,sheffield,e08000019,3416.823996645804
2015,bradford,e08000032,3886.628045681403
2015,calderdale,e08000033,3877.14687648486
2015,kirklees,e08000034,3691.61833258447
2015,leeds,e08000035,3877.894826989878
2015,wakefield,e08000036,3590.420641520381
2015,derby,e06000015,3744.74118069198
2015,leicester,e06000016,3704.385451724662
2015,rutland,e06000017,4830.733114878357
2015,nottingham,e06000018,3627.472807024817
2015,north northamptonshire,e06000061,4103.072994586304
2015,west northamptonshire,e06000062,4417.614003833497
2015,amber valley,e07000032,4049.460414096529
2015,bolsover,e07000033,3652.48654627636
2015,chesterfield,e07000034,3425.285961778432
2015,derbyshire dales,e07000035,4699.123515540862
2015,erewash,e07000036,3729.145089394892
2015,high peak,e07000037,4032.600725472242
2015,north east derbyshire,e07000038,3732.43209106849
2015,south derbyshire,e07000039,4066.491697935688
2015,blaby,e07000129,3971.424543940616
2015,charnwood,e07000130,3842.38622890803
2015,harborough,e07000131,4558.242524750804
2015,hinckley and bosworth,e07000132,4081.95331759367
2015,melton,e07000133,4384.784810024231
2015,north west leicestershire,e07000134,4286.338058084761
2015,oadby and wigston,e07000135,4023.724241002642
2015,boston,e07000136,4320.709606892723
2015,east lindsey,e07000137,4687.157029379379
2015,lincoln,e07000138,3538.735083078944
2015,north kesteven,e07000139,4254.32147138545
2015,south holland,e07000140,4611.884343427274
2015,south kesteven,e07000141,4395.248246792342
2015,west lindsey,e07000142,4221.941235741742
2015,ashfield,e07000170,3738.022385020705
2015,bassetlaw,e07000171,4086.543597966409
2015,broxtowe,e07000172,3786.135823727918
2015,gedling,e07000173,3984.629596123857
2015,mansfield,e07000174,3637.490253340038
2015,newark and sherwood,e07000175,4199.996782331093
2015,rushcliffe,e07000176,4202.699617347149
2015,"herefordshire, county of",e06000019,4603.444572153823
2015,telford and wrekin,e06000020,3843.016992304484
2015,stoke-on-trent,e06000021,3568.629383810177
2015,shropshire,e06000051,4384.757411938253
2015,cannock chase,e07000192,3913.872977415507
2015,east staffordshire,e07000193,4110.275571187495
2015,lichfield,e07000194,4360.307386996074
2015,newcastle-under-lyme,e07000195,3720.188519831021
2015,south staffordshire,e07000196,4190.881569629146
2015,stafford,e07000197,4060.891275605272
2015,staffordshire moorlands,e07000198,4085.609932439359
2015,tamworth,e07000199,3993.713281160307
2015,north warwickshire,e07000218,4473.985288742993
2015,nuneaton and bedworth,e07000219,3967.307013431876
2015,rugby,e07000220,4234.7423909584
2015,stratford-on-avon,e07000221,5179.559293712558
2015,warwick,e07000222,4330.781028203967
2015,bromsgrove,e07000234,4444.183942279908
2015,malvern hills,e07000235,4729.358800325378
2015,redditch,e07000236,3920.71168162218
2015,worcester,e07000237,3861.144988595587
2015,wychavon,e07000238,4729.491264649337
2015,wyre forest,e07000239,4071.498103235401
2015,birmingham,e08000025,3929.325533205058
2015,coventry,e08000026,3701.599535587871
2015,dudley,e08000027,3882.02490120839
2015,sandwell,e08000028,3815.115103403179
2015,solihull,e08000029,4246.773652235437
2015,walsall,e08000030,3991.920207320596
2015,wolverhampton,e08000031,3902.033133541788
2015,peterborough,e06000031,3892.613734407884
2015,luton,e06000032,3792.395358127921
2015,southend-on-sea,e06000033,4074.870354111551
2015,thurrock,e06000034,4394.136345275957
2015,bedford,e06000055,4229.914515911257
2015,central bedfordshire,e06000056,4295.086383211236
2015,cambridge,e07000008,3977.947673201122
2015,east cambridgeshire,e07000009,4575.117848698632
2015,fenland,e07000010,4501.126610438166
2015,huntingdonshire,e07000011,4316.69346098665
2015,south cambridgeshire,e07000012,4762.58903476628
2015,basildon,e07000066,4283.91933289729
2015,braintree,e07000067,4483.348859710956
2015,brentwood,e07000068,4765.046632481839
2015,castle point,e07000069,4473.009481931218
2015,chelmsford,e07000070,4539.582961749495
2015,colchester,e07000071,4206.89550168066
2015,epping forest,e07000072,4913.616234257427
2015,harlow,e07000073,3720.68196976013
2015,maldon,e07000074,5198.179733901186
2015,rochford,e07000075,4485.834816540486
2015,tendring,e07000076,4325.239145386708
2015,uttlesford,e07000077,5296.463259095337
2015,broxbourne,e07000095,4362.30879840457
2015,dacorum,e07000096,4228.907205891752
2015,hertsmere,e07000098,4658.628704183812
2015,north hertfordshire,e07000099,4296.661469398843
2015,three rivers,e07000102,4620.224325154183
2015,watford,e07000103,3875.052944832178
2015,breckland,e07000143,4793.073933306605
2015,broadland,e07000144,4382.797167908397
2015,great yarmouth,e07000145,4336.347004333978
2015,king's lynn and west norfolk,e07000146,5363.73831233176
2015,north norfolk,e07000147,5335.821488128052
2015,norwich,e07000148,3369.214523843136
2015,south norfolk,e07000149,4878.586702178802
2015,babergh,e07000200,4777.832469080105
2015,ipswich,e07000202,3809.178289791691
2015,mid suffolk,e07000203,5049.428284452212
2015,st albans,e07000240,4504.757429879943
2015,welwyn hatfield,e07000241,4120.802500176644
2015,east hertfordshire,e07000242,4857.445091416981
2015,stevenage,e07000243,3653.671950985959
2015,east suffolk,e07000244,4581.788600196499
2015,west suffolk,e07000245,4508.843089640986
2015,city of london,e09000001,7704.41125807943
2015,camden,e09000007,3392.11428749703
2015,hackney,e09000012,3131.038779478585
2015,hammersmith and fulham,e09000013,3607.125229168185
2015,haringey,e09000014,3477.103551410009
2015,islington,e09000019,3182.359134872429
2015,kensington and chelsea,e09000020,4859.948583107456
2015,lambeth,e09000022,3261.088388186709
2015,lewisham,e09000023,3387.790289460509
2015,newham,e09000025,3483.381943795698
2015,southwark,e09000028,3526.571076918675
2015,tower hamlets,e09000030,3472.62972299337
2015,wandsworth,e09000032,3789.299987218596
2015,westminster,e09000033,4358.80254074127
2015,barking and dagenham,e09000002,3660.978353923538
2015,barnet,e09000003,4414.317484103988
2015,bexley,e09000004,4032.467747961081
2015,brent,e09000005,3780.069628148565
2015,bromley,e09000006,4174.193409630247
2015,croydon,e09000008,4030.699723005897
2015,ealing,e09000009,3868.33419816991
2015,enfield,e09000010,4005.559564963108
2015,greenwich,e09000011,3574.015061349218
2015,harrow,e09000015,4168.122257659252
2015,havering,e09000016,4136.495808106405
2015,hillingdon,e09000017,4116.364439211544
2015,hounslow,e09000018,3936.705523743979
2015,kingston upon thames,e09000021,4056.940760961197
2015,merton,e09000024,4036.539370181217
2015,redbridge,e09000026,3904.070146420297
2015,richmond upon thames,e09000027,4237.450668083384
2015,sutton,e09000029,4156.186718245266
2015,waltham forest,e09000031,3565.312108339469
2015,medway,e06000035,3963.139157542481
2015,bracknell forest,e06000036,4239.616056451124
2015,west berkshire,e06000037,5117.571960668343
2015,reading,e06000038,4115.10651476588
2015,slough,e06000039,3809.405910496394
2015,windsor and maidenhead,e06000040,4883.084907250839
2015,wokingham,e06000041,4561.927008805656
2015,milton keynes,e06000042,4022.88677867906
2015,brighton and hove,e06000043,3651.66852161204
2015,portsmouth,e06000044,3633.49798494288
2015,southampton,e06000045,4040.681344649617
2015,isle of wight,e06000046,4388.511414873634
2015,buckinghamshire,e06000060,4867.624648666238
2015,eastbourne,e07000061,3707.059668833691
2015,hastings,e07000062,3832.950904073798
2015,lewes,e07000063,4254.88803898879
2015,rother,e07000064,4746.474164359842
2015,wealden,e07000065,4904.137688205554
2015,basingstoke and deane,e07000084,4355.749576429508
2015,east hampshire,e07000085,4914.005414386306
2015,eastleigh,e07000086,3852.482791004213
2015,fareham,e07000087,3958.908188087477
2015,gosport,e07000088,3754.512441970772
2015,hart,e07000089,4703.834338955178
2015,havant,e07000090,4008.679568102581
2015,new forest,e07000091,4309.527653043908
2015,rushmoor,e07000092,3967.89193451443
2015,test valley,e07000093,4807.965838145163
2015,winchester,e07000094,4725.350138678428
2015,ashford,e07000105,4498.728083307086
2015,canterbury,e07000106,4016.518282905135
2015,dartford,e07000107,3969.970477868437
2015,dover,e07000108,3819.069122948917
2015,gravesham,e07000109,3996.489659842779
2015,maidstone,e07000110,4285.504544906668
2015,sevenoaks,e07000111,5150.50556842102
2015,folkestone and hythe,e07000112,4049.909419343936
2015,swale,e07000113,4130.119242144657
2015,thanet,e07000114,3937.798411184479
2015,tonbridge and malling,e07000115,4474.387664405425
2015,tunbridge wells,e07000116,4704.79543301859
2015,cherwell,e07000177,4696.789824660808
2015,oxford,e07000178,3924.469857460394
2015,south oxfordshire,e07000179,5241.029382733299
2015,vale of white horse,e07000180,4640.375490923158
2015,west oxfordshire,e07000181,4977.035023622432
2015,elmbridge,e07000207,5364.782419763591
2015,epsom and ewell,e07000208,4398.03901564858
2015,guildford,e07000209,4714.601931962614
2015,mole valley,e07000210,4896.406994038499
2015,reigate and banstead,e07000211,4625.206036281541
2015,runnymede,e07000212,4662.530833246177
2015,spelthorne,e07000213,4334.045772646654
2015,surrey heath,e07000214,4782.557998747286
2015,tandridge,e07000215,5125.48659791284
2015,waverley,e07000216,5075.61628461921
2015,woking,e07000217,4794.439624202516
2015,adur,e07000223,4044.44223530712
2015,arun,e07000224,4191.77439795684
2015,chichester,e07000225,5228.796344079139
2015,crawley,e07000226,3770.462141019657
2015,horsham,e07000227,4885.846440186133
2015,mid sussex,e07000228,4504.407217964166
2015,worthing,e07000229,3912.510627456824
2015,bath and north east somerset,e06000022,4322.906700160669
2015,"bristol, city of",e06000023,3754.265564122999
2015,north somerset,e06000024,4026.494891885194
2015,south gloucestershire,e06000025,4065.643199686837
2015,plymouth,e06000026,3784.129607177966
2015,torbay,e06000027,4108.626304873676
2015,swindon,e06000030,3862.020531442636
2015,cornwall,e06000052,5487.757903235041
2015,isles of scilly,e06000053,7683.964620535723
2015,wiltshire,e06000054,4863.827142138743
2015,"bournemouth, christchurch and poole",e06000058,3929.823776881999
2015,dorset,e06000059,4570.407796263084
2015,somerset,e06000066,4612.273868335114
2015,east devon,e07000040,4517.525160169948
2015,exeter,e07000041,3586.683707058944
2015,mid devon,e07000042,4770.388093368986
2015,north devon,e07000043,4621.536671118016
2015,south hams,e07000044,5508.726867457912
2015,teignbridge,e07000045,4530.81901684896
2015,torridge,e07000046,4810.795172541114
2015,west devon,e07000047,5079.217691395177
2015,cheltenham,e07000078,4005.152047673593
2015,cotswold,e07000079,6020.607431748719
2015,forest of dean,e07000080,4929.769923709518
2015,gloucester,e07000081,3968.024421522039
2015,stroud,e07000082,4644.105431056347
2015,tewkesbury,e07000083,4319.671527321067
2016,all local authorities,e92000001,3982.858689422166
2016,all local authorities,e12000001,3448.786777615625
2016,all local authorities,e12000002,3768.525813153663
2016,all local authorities,e12000003,3686.993111981057
2016,all local authorities,e12000004,3928.6986097158
2016,all local authorities,e12000005,3954.981701680383
2016,all local authorities,e12000006,4336.008341821859
2016,all local authorities,e12000007,3755.728655436909
2016,all local authorities,e13000001,3537.363438906532
2016,all local authorities,e13000002,3915.800009350346
2016,all local authorities,e12000008,4293.391623905427
2016,all local authorities,e12000009,4348.655594232986
2016,hartlepool,e06000001,3343.588522839968
2016,middlesbrough,e06000002,3465.618136652102
2016,redcar and cleveland,e06000003,3371.654659032725
2016,stockton-on-tees,e06000004,3515.455583497046
2016,darlington,e06000005,3579.292811317165
2016,county durham,e06000047,3403.423796726146
2016,northumberland,e06000057,3980.83801357622
2016,newcastle upon tyne,e08000021,3441.699439315294
2016,north tyneside,e08000022,3278.408846495165
2016,south tyneside,e08000023,3127.091602083359
2016,sunderland,e08000024,3325.301223615777
2016,gateshead,e08000037,3286.166680399306
2016,halton,e06000006,3513.449748480888
2016,warrington,e06000007,3651.06447408194
2016,blackburn with darwen,e06000008,3695.707744333643
2016,blackpool,e06000009,3857.403114268249
2016,cheshire east,e06000049,4225.830877190047
2016,cheshire west and chester,e06000050,3986.541610942084
2016,cumberland,e06000063,4012.428152386039
2016,westmorland and furness,e06000064,4535.864828892768
2016,burnley,e07000117,3603.52443649274
2016,chorley,e07000118,3828.551586439261
2016,fylde,e07000119,4099.926524104668
2016,hyndburn,e07000120,3486.949554239568
2016,lancaster,e07000121,3887.263229182533
2016,pendle,e07000122,3602.866029306485
2016,preston,e07000123,3757.845420973901
2016,ribble valley,e07000124,4369.090728498136
2016,rossendale,e07000125,3902.545392277089
2016,south ribble,e07000126,3795.539738036779
2016,west lancashire,e07000127,4166.088500901014
2016,wyre,e07000128,3956.461220559524
2016,bolton,e08000001,3715.713542463036
2016,bury,e08000002,3778.919114517828
2016,manchester,e08000003,3730.588760901762
2016,oldham,e08000004,3532.157545107711
2016,rochdale,e08000005,3613.667577310834
2016,salford,e08000006,3818.053358528868
2016,stockport,e08000007,3846.676417100241
2016,tameside,e08000008,3563.790140632477
2016,trafford,e08000009,3953.045530104525
2016,wigan,e08000010,3487.936025982252
2016,knowsley,e08000011,3586.042792900506
2016,liverpool,e08000012,3295.359392141167
2016,st. helens,e08000013,3485.039419490997
2016,sefton,e08000014,3705.502090829371
2016,wirral,e08000015,3627.504458820872
2016,"kingston upon hull, city of",e06000010,3349.153422773744
2016,east riding of yorkshire,e06000011,4001.953981474266
2016,north east lincolnshire,e06000012,3530.816820633018
2016,north lincolnshire,e06000013,3636.794998820844
2016,york,e06000014,3696.818084304206
2016,north yorkshire,e06000065,4378.954403025223
2016,barnsley,e08000016,3379.680060534634
2016,doncaster,e08000017,3521.449295353081
2016,rotherham,e08000018,3455.340837024773
2016,sheffield,e08000019,3298.740406301427
2016,bradford,e08000032,3754.980062113711
2016,calderdale,e08000033,3719.719101036077
2016,kirklees,e08000034,3571.579466397417
2016,leeds,e08000035,3763.524755700662
2016,wakefield,e08000036,3500.119243956435
2016,derby,e06000015,3634.562302227501
2016,leicester,e06000016,3648.881539617512
2016,rutland,e06000017,4624.099912989168
2016,nottingham,e06000018,3508.621265411924
2016,north northamptonshire,e06000061,3996.865699855256
2016,west northamptonshire,e06000062,4319.010567311259
2016,amber valley,e07000032,3913.611109272491
2016,bolsover,e07000033,3541.695017464654
2016,chesterfield,e07000034,3290.747937328015
2016,derbyshire dales,e07000035,4567.651720864505
2016,erewash,e07000036,3629.092677228339
2016,high peak,e07000037,3909.431935757684
2016,north east derbyshire,e07000038,3601.145968924439
2016,south derbyshire,e07000039,3992.443152619003
2016,blaby,e07000129,3849.279415534855
2016,charnwood,e07000130,3744.237122030525
2016,harborough,e07000131,4467.32509424506
2016,hinckley and bosworth,e07000132,3971.810921995715
2016,melton,e07000133,4317.500616853792
2016,north west leicestershire,e07000134,4168.655976296253
2016,oadby and wigston,e07000135,3928.975856508659
2016,boston,e07000136,4231.3275007222
2016,east lindsey,e07000137,4592.363573726815
2016,lincoln,e07000138,3463.053839726702
2016,north kesteven,e07000139,4152.432758189419
2016,south holland,e07000140,4518.785096065676
2016,south kesteven,e07000141,4284.737437169668
2016,west lindsey,e07000142,4132.007819797816
2016,ashfield,e07000170,3616.90142921228
2016,bassetlaw,e07000171,4007.774544527889
2016,broxtowe,e07000172,3663.323382844669
2016,gedling,e07000173,3850.374713698141
2016,mansfield,e07000174,3505.766599695612
2016,newark and sherwood,e07000175,4095.890412026237
2016,rushcliffe,e07000176,4102.814184935706
2016,"herefordshire, county of",e06000019,4515.337752776016
2016,telford and wrekin,e06000020,3758.987924808132
2016,stoke-on-trent,e06000021,3440.839057915055
2016,shropshire,e06000051,4300.629223626022
2016,cannock chase,e07000192,3813.414141366009
2016,east staffordshire,e07000193,4001.779156266642
2016,lichfield,e07000194,4256.058268269107
2016,newcastle-under-lyme,e07000195,3578.63085304069
2016,south staffordshire,e07000196,4077.635975140004
2016,stafford,e07000197,3956.187357318608
2016,staffordshire moorlands,e07000198,3967.494929611396
2016,tamworth,e07000199,3866.84685615724
2016,north warwickshire,e07000218,4345.573820125803
2016,nuneaton and bedworth,e07000219,3834.271111811544
2016,rugby,e07000220,4158.310000250384
2016,stratford-on-avon,e07000221,5136.696104401603
2016,warwick,e07000222,4251.261126419019
2016,bromsgrove,e07000234,4325.978605384596
2016,malvern hills,e07000235,4678.232928144136
2016,redditch,e07000236,3819.039835173202
2016,worcester,e07000237,3796.18072616695
2016,wychavon,e07000238,4663.959828871764
2016,wyre forest,e07000239,3996.06428167239
2016,birmingham,e08000025,3820.205745767814
2016,coventry,e08000026,3524.974641737408
2016,dudley,e08000027,3780.616346471557
2016,sandwell,e08000028,3714.064234012634
2016,solihull,e08000029,4137.404323876529
2016,walsall,e08000030,3894.156084395388
2016,wolverhampton,e08000031,3818.713714004473
2016,peterborough,e06000031,3830.138517356077
2016,luton,e06000032,3683.415680433734
2016,southend-on-sea,e06000033,3983.610110416074
2016,thurrock,e06000034,4312.106636119084
2016,bedford,e06000055,4179.915191148089
2016,central bedfordshire,e06000056,4210.77239536057
2016,cambridge,e07000008,3974.415707580524
2016,east cambridgeshire,e07000009,4510.808428295037
2016,fenland,e07000010,4443.211541751538
2016,huntingdonshire,e07000011,4268.345328549018
2016,south cambridgeshire,e07000012,4709.368583952896
2016,basildon,e07000066,4180.106371956534
2016,braintree,e07000067,4403.454845790646
2016,brentwood,e07000068,4678.947780781888
2016,castle point,e07000069,4384.05515743595
2016,chelmsford,e07000070,4486.182127528898
2016,colchester,e07000071,4104.401341115774
2016,epping forest,e07000072,4816.636311781519
2016,harlow,e07000073,3659.214133173161
2016,maldon,e07000074,5096.837408119725
2016,rochford,e07000075,4400.590812536013
2016,tendring,e07000076,4220.741651827493
2016,uttlesford,e07000077,5225.440083602553
2016,broxbourne,e07000095,4285.733627617815
2016,dacorum,e07000096,4159.182836992261
2016,hertsmere,e07000098,4598.215662534451
2016,north hertfordshire,e07000099,4234.34251659227
2016,three rivers,e07000102,4523.980924307644
2016,watford,e07000103,3834.601227019899
2016,breckland,e07000143,4715.843062244118
2016,broadland,e07000144,4328.462367204749
2016,great yarmouth,e07000145,4246.295338737728
2016,king's lynn and west norfolk,e07000146,5315.360531149361
2016,north norfolk,e07000147,5296.398990477522
2016,norwich,e07000148,3306.516742507997
2016,south norfolk,e07000149,4780.289842735668
2016,babergh,e07000200,4703.285446090838
2016,ipswich,e07000202,3727.117795943436
2016,mid suffolk,e07000203,4966.643682782059
2016,st albans,e07000240,4426.0995288020295
2016,welwyn hatfield,e07000241,3999.880738886213
2016,east hertfordshire,e07000242,4764.132723158531
2016,stevenage,e07000243,3598.730979014362
2016,east suffolk,e07000244,4489.197172676916
2016,west suffolk,e07000245,4445.625721582742
2016,city of london,e09000001,6940.611356599584
2016,camden,e09000007,3316.465447675906
2016,hackney,e09000012,3053.270420743946
2016,hammersmith and fulham,e09000013,3588.754375747268
2016,haringey,e09000014,3401.450257623842
2016,islington,e09000019,3114.908413085639
2016,kensington and chelsea,e09000020,4855.573769466582
2016,lambeth,e09000022,3226.86977722166
2016,lewisham,e09000023,3324.327926494435
2016,newham,e09000025,3418.768463506372
2016,southwark,e09000028,3488.878324673579
2016,tower hamlets,e09000030,3438.174355207736
2016,wandsworth,e09000032,3763.878846083228
2016,westminster,e09000033,4315.742106168163
2016,barking and dagenham,e09000002,3562.344591337193
2016,barnet,e09000003,4316.006402299216
2016,bexley,e09000004,3924.497146871587
2016,brent,e09000005,3750.793780995544
2016,bromley,e09000006,4057.613992110858
2016,croydon,e09000008,3927.489166844319
2016,ealing,e09000009,3812.514281017868
2016,enfield,e09000010,3912.138586863906
2016,greenwich,e09000011,3507.411850782561
2016,harrow,e09000015,4122.843332981826
2016,havering,e09000016,4008.571777874806
2016,hillingdon,e09000017,4040.071628835931
2016,hounslow,e09000018,3886.829670326368
2016,kingston upon thames,e09000021,3964.024042838395
2016,merton,e09000024,3984.831533705879
2016,redbridge,e09000026,3808.461890774843
2016,richmond upon thames,e09000027,4184.151459543863
2016,sutton,e09000029,4035.238460966725
2016,waltham forest,e09000031,3480.581304507794
2016,medway,e06000035,3842.702772251022
2016,bracknell forest,e06000036,4154.951962706496
2016,west berkshire,e06000037,5030.989098264899
2016,reading,e06000038,4058.639365251212
2016,slough,e06000039,3748.406115242115
2016,windsor and maidenhead,e06000040,4805.611932503905
2016,wokingham,e06000041,4490.264284579878
2016,milton keynes,e06000042,3932.841521668765
2016,brighton and hove,e06000043,3546.383933803549
2016,portsmouth,e06000044,3512.733160237785
2016,southampton,e06000045,3935.424381669125
2016,isle of wight,e06000046,4274.791246914298
2016,buckinghamshire,e06000060,4782.06818026952
2016,eastbourne,e07000061,3593.824169841886
2016,hastings,e07000062,3688.143909202166
2016,lewes,e07000063,4149.028500718777
2016,rother,e07000064,4611.214565745516
2016,wealden,e07000065,4786.822125083914
2016,basingstoke and deane,e07000084,4289.018751716924
2016,east hampshire,e07000085,4846.800345786601
2016,eastleigh,e07000086,3765.902170475336
2016,fareham,e07000087,3847.472120199747
2016,gosport,e07000088,3651.137905764939
2016,hart,e07000089,4649.337103061363
2016,havant,e07000090,3919.156304956255
2016,new forest,e07000091,4230.255021241868
2016,rushmoor,e07000092,3846.535162714258
2016,test valley,e07000093,4766.871088683954
2016,winchester,e07000094,4668.332032640262
2016,ashford,e07000105,4390.362105419777
2016,canterbury,e07000106,3887.026628783211
2016,dartford,e07000107,3864.096667751649
2016,dover,e07000108,3709.175043618336
2016,gravesham,e07000109,3870.680981084754
2016,maidstone,e07000110,4203.977080364147
2016,sevenoaks,e07000111,5046.009380060139
2016,folkestone and hythe,e07000112,3903.988059745893
2016,swale,e07000113,4012.082773989308
2016,thanet,e07000114,3821.589597197199
2016,tonbridge and malling,e07000115,4372.593216208315
2016,tunbridge wells,e07000116,4574.673444880205
2016,cherwell,e07000177,4657.776102321274
2016,oxford,e07000178,3863.5113026484
2016,south oxfordshire,e07000179,5193.798076759737
2016,vale of white horse,e07000180,4570.31919210832
2016,west oxfordshire,e07000181,4925.415589049893
2016,elmbridge,e07000207,5287.320193490295
2016,epsom and ewell,e07000208,4313.723320383306
2016,guildford,e07000209,4615.252234966055
2016,mole valley,e07000210,4812.623476292316
2016,reigate and banstead,e07000211,4513.165570482554
2016,runnymede,e07000212,4584.710627221971
2016,spelthorne,e07000213,4274.550566550509
2016,surrey heath,e07000214,4696.041993572039
2016,tandridge,e07000215,5003.010508240377
2016,waverley,e07000216,5006.560526536537
2016,woking,e07000217,4765.576517876985
2016,adur,e07000223,3916.52381999771
2016,arun,e07000224,4107.435735963658
2016,chichester,e07000225,5111.373645013909
2016,crawley,e07000226,3678.959375218361
2016,horsham,e07000227,4775.094345568127
2016,mid sussex,e07000228,4400.831866261578
2016,worthing,e07000229,3803.602315580579
2016,bath and north east somerset,e06000022,4220.158762640788
2016,"bristol, city of",e06000023,3654.342719768666
2016,north somerset,e06000024,3907.753448792104
2016,south gloucestershire,e06000025,3966.063318332866
2016,plymouth,e06000026,3619.685518357997
2016,torbay,e06000027,3952.124889296308
2016,swindon,e06000030,3784.996270059375
2016,cornwall,e06000052,5337.346789508954
2016,isles of scilly,e06000053,7406.124574669184
2016,wiltshire,e06000054,4794.449169319152
2016,"bournemouth, christchurch and poole",e06000058,3858.468712786717
2016,dorset,e06000059,4473.902722706553
2016,somerset,e06000066,4496.156455481248
2016,east devon,e07000040,4384.887018781701
2016,exeter,e07000041,3474.549926636836
2016,mid devon,e07000042,4644.170919323507
2016,north devon,e07000043,4509.569378974134
2016,south hams,e07000044,5381.881311706717
2016,teignbridge,e07000045,4405.028702903041
2016,torridge,e07000046,4712.418634192616
2016,west devon,e07000047,4921.962231171404
2016,cheltenham,e07000078,3925.88380527223
2016,cotswold,e07000079,6011.734629249408
2016,forest of dean,e07000080,4837.580357486864
2016,gloucester,e07000081,3892.216798596094
2016,stroud,e07000082,4562.834746653469
2016,tewkesbury,e07000083,4239.350277377006
2017,all local authorities,e92000001,3917.485538532376
2017,all local authorities,e12000001,3345.633862203898
2017,all local authorities,e12000002,3714.906978126115
2017,all local authorities,e12000003,3627.887204667253
2017,all local authorities,e12000004,3881.546435549559
2017,all local authorities,e12000005,3880.833745932575
2017,all local authorities,e12000006,4269.793572652974
2017,all local authorities,e12000007,3692.911319007726
2017,all local authorities,e13000001,3493.421806235291
2017,all local authorities,e13000002,3839.628770111552
2017,all local authorities,e12000008,4224.464051799401
2017,all local authorities,e12000009,4274.664554735639
2017,hartlepool,e06000001,3227.728291827046
2017,middlesbrough,e06000002,3359.44138281305
2017,redcar and cleveland,e06000003,3257.240349387149
2017,stockton-on-tees,e06000004,3398.524546657321
2017,darlington,e06000005,3483.624580729997
2017,county durham,e06000047,3294.471059201681
2017,northumberland,e06000057,3891.710279966112
2017,newcastle upon tyne,e08000021,3343.911251947783
2017,north tyneside,e08000022,3179.086460281573
2017,south tyneside,e08000023,3013.278883025121
2017,sunderland,e08000024,3223.493333817484
2017,gateshead,e08000037,3191.841398682497
2017,halton,e06000006,3418.942044858109
2017,warrington,e06000007,3544.05260278723
2017,blackburn with darwen,e06000008,3687.706667255794
2017,blackpool,e06000009,3798.835237549724
2017,cheshire east,e06000049,4144.402901595899
2017,cheshire west and chester,e06000050,3878.609484027215
2017,cumberland,e06000063,4022.264997910361
2017,westmorland and furness,e06000064,4547.322631529042
2017,burnley,e07000117,3601.235817758753
2017,chorley,e07000118,3764.689497540194
2017,fylde,e07000119,4042.103597145658
2017,hyndburn,e07000120,3447.267164822571
2017,lancaster,e07000121,3890.885665092343
2017,pendle,e07000122,3578.401253537119
2017,preston,e07000123,3735.319023335325
2017,ribble valley,e07000124,4379.855479705854
2017,rossendale,e07000125,3898.719228220109
2017,south ribble,e07000126,3754.227549623051
2017,west lancashire,e07000127,4102.835220181225
2017,wyre,e07000128,3899.202425454222
2017,bolton,e08000001,3676.895004954165
2017,bury,e08000002,3707.381724595642
2017,manchester,e08000003,3742.951090162061
2017,oldham,e08000004,3517.699025746253
2017,rochdale,e08000005,3560.455147980692
2017,salford,e08000006,3818.610116934416
2017,stockport,e08000007,3784.480320183481
2017,tameside,e08000008,3513.503032176647
2017,trafford,e08000009,3908.951241989332
2017,wigan,e08000010,3425.292252072177
2017,knowsley,e08000011,3473.106506985649
2017,liverpool,e08000012,3208.890819207694
2017,st. helens,e08000013,3377.78816620251
2017,sefton,e08000014,3592.155284023698
2017,wirral,e08000015,3510.363702375167
2017,"kingston upon hull, city of",e06000010,3307.132024814212
2017,east riding of yorkshire,e06000011,3942.82238108737
2017,north east lincolnshire,e06000012,3484.335269554392
2017,north lincolnshire,e06000013,3571.099674990798
2017,york,e06000014,3600.586855568356
2017,north yorkshire,e06000065,4303.00276710093
2017,barnsley,e08000016,3320.861440389333
2017,doncaster,e08000017,3448.879733756063
2017,rotherham,e08000018,3387.0094179557
2017,sheffield,e08000019,3241.270785516489
2017,bradford,e08000032,3715.583581836723
2017,calderdale,e08000033,3674.248839859467
2017,kirklees,e08000034,3520.526986534845
2017,leeds,e08000035,3710.577694101618
2017,wakefield,e08000036,3432.435859541431
2017,derby,e06000015,3601.708774240293
2017,leicester,e06000016,3639.497062706665
2017,rutland,e06000017,4538.516118393533
2017,nottingham,e06000018,3459.692840841062
2017,north northamptonshire,e06000061,3925.614902729088
2017,west northamptonshire,e06000062,4262.951375323425
2017,amber valley,e07000032,3869.969304453966
2017,bolsover,e07000033,3463.324335361979
2017,chesterfield,e07000034,3250.544226861275
2017,derbyshire dales,e07000035,4547.965817047459
2017,erewash,e07000036,3580.188372791999
2017,high peak,e07000037,3891.959740001044
2017,north east derbyshire,e07000038,3558.952639172841
2017,south derbyshire,e07000039,3921.684096970321
2017,blaby,e07000129,3819.222490322405
2017,charnwood,e07000130,3683.829604593232
2017,harborough,e07000131,4412.879055069224
2017,hinckley and bosworth,e07000132,3915.357906595895
2017,melton,e07000133,4277.688253593877
2017,north west leicestershire,e07000134,4132.189872578992
2017,oadby and wigston,e07000135,3916.813127634704
2017,boston,e07000136,4205.506784872257
2017,east lindsey,e07000137,4580.847346514149
2017,lincoln,e07000138,3423.186207973753
2017,north kesteven,e07000139,4084.543169371772
2017,south holland,e07000140,4448.709526831367
2017,south kesteven,e07000141,4227.036612015299
2017,west lindsey,e07000142,4060.483980933641
2017,ashfield,e07000170,3526.278891181472
2017,bassetlaw,e07000171,3972.837219849977
2017,broxtowe,e07000172,3595.583693837528
2017,gedling,e07000173,3800.729559122155
2017,mansfield,e07000174,3461.189930525785
2017,newark and sherwood,e07000175,4052.282672181674
2017,rushcliffe,e07000176,4062.505598444299
2017,"herefordshire, county of",e06000019,4466.064791814665
2017,telford and wrekin,e06000020,3669.519225154057
2017,stoke-on-trent,e06000021,3348.670895624029
2017,shropshire,e06000051,4224.45376059934
2017,cannock chase,e07000192,3742.964662649483
2017,east staffordshire,e07000193,3958.59665848231
2017,lichfield,e07000194,4211.282552390488
2017,newcastle-under-lyme,e07000195,3476.474909293413
2017,south staffordshire,e07000196,3981.410760617308
2017,stafford,e07000197,3881.645088818483
2017,staffordshire moorlands,e07000198,3906.632091307094
2017,tamworth,e07000199,3825.052598434624
2017,north warwickshire,e07000218,4264.111364566639
2017,nuneaton and bedworth,e07000219,3762.076069702885
2017,rugby,e07000220,4080.983308173097
2017,stratford-on-avon,e07000221,5096.101842470708
2017,warwick,e07000222,4223.683206674844
2017,bromsgrove,e07000234,4234.922908632933
2017,malvern hills,e07000235,4611.681063022532
2017,redditch,e07000236,3711.066225123063
2017,worcester,e07000237,3716.648563787512
2017,wychavon,e07000238,4573.781487065772
2017,wyre forest,e07000239,3897.622570559809
2017,birmingham,e08000025,3761.017885911497
2017,coventry,e08000026,3428.599586144599
2017,dudley,e08000027,3690.685626526301
2017,sandwell,e08000028,3650.060089258211
2017,solihull,e08000029,4034.629675657478
2017,walsall,e08000030,3815.955029160912
2017,wolverhampton,e08000031,3730.229218468202
2017,peterborough,e06000031,3766.154861464142
2017,luton,e06000032,3620.431962096136
2017,southend-on-sea,e06000033,3919.859418890278
2017,thurrock,e06000034,4247.498942096091
2017,bedford,e06000055,4134.317832024503
2017,central bedfordshire,e06000056,4108.488207967897
2017,cambridge,e07000008,4007.715897640576
2017,east cambridgeshire,e07000009,4438.892034220527
2017,fenland,e07000010,4377.923457194297
2017,huntingdonshire,e07000011,4184.464283674037
2017,south cambridgeshire,e07000012,4642.86653089074
2017,basildon,e07000066,4089.378675962088
2017,braintree,e07000067,4334.302120322331
2017,brentwood,e07000068,4604.523363267893
2017,castle point,e07000069,4315.695692141782
2017,chelmsford,e07000070,4370.372927011157
2017,colchester,e07000071,4038.219707647134
2017,epping forest,e07000072,4733.314163961239
2017,harlow,e07000073,3594.966836154065
2017,maldon,e07000074,5079.805514343127
2017,rochford,e07000075,4326.945805710507
2017,tendring,e07000076,4165.784912099127
2017,uttlesford,e07000077,5150.79280999926
2017,broxbourne,e07000095,4201.600463093264
2017,dacorum,e07000096,4073.642077018703
2017,hertsmere,e07000098,4492.358890833912
2017,north hertfordshire,e07000099,4156.09794445566
2017,three rivers,e07000102,4428.745026962692
2017,watford,e07000103,3755.778746612684
2017,breckland,e07000143,4650.767856526817
2017,broadland,e07000144,4274.480443650713
2017,great yarmouth,e07000145,4172.190508518166
2017,king's lynn and west norfolk,e07000146,5295.836592961068
2017,north norfolk,e07000147,5269.745130358209
2017,norwich,e07000148,3262.299232258945
2017,south norfolk,e07000149,4743.135555898324
2017,babergh,e07000200,4671.135917071328
2017,ipswich,e07000202,3672.83703455677
2017,mid suffolk,e07000203,4901.590563416788
2017,st albans,e07000240,4323.558396481385
2017,welwyn hatfield,e07000241,3911.704752859844
2017,east hertfordshire,e07000242,4687.8373969394
2017,stevenage,e07000243,3508.60628508331
2017,east suffolk,e07000244,4441.312295976651
2017,west suffolk,e07000245,4386.198809204042
2017,city of london,e09000001,7063.656171284642
2017,camden,e09000007,3253.324550959462
2017,hackney,e09000012,2993.122220478317
2017,hammersmith and fulham,e09000013,3588.875000313194
2017,haringey,e09000014,3337.704639144927
2017,islington,e09000019,3053.745468271354
2017,kensington and chelsea,e09000020,4878.332273638381
2017,lambeth,e09000022,3180.635003538551
2017,lewisham,e09000023,3253.666393139501
2017,newham,e09000025,3383.76190051103
2017,southwark,e09000028,3448.048601358555
2017,tower hamlets,e09000030,3381.606304139844
2017,wandsworth,e09000032,3736.106663169362
2017,westminster,e09000033,4288.580435232169
2017,barking and dagenham,e09000002,3454.388037199485
2017,barnet,e09000003,4241.164733554145
2017,bexley,e09000004,3818.208779999662
2017,brent,e09000005,3695.78485159506
2017,bromley,e09000006,3975.920519700332
2017,croydon,e09000008,3819.860207748764
2017,ealing,e09000009,3782.891203627427
2017,enfield,e09000010,3821.056561391179
2017,greenwich,e09000011,3442.164294679531
2017,harrow,e09000015,4040.08248723291
2017,havering,e09000016,3871.119760347844
2017,hillingdon,e09000017,3950.621531684463
2017,hounslow,e09000018,3851.461169348774
2017,kingston upon thames,e09000021,3864.768261389847
2017,merton,e09000024,3953.401287908854
2017,redbridge,e09000026,3743.887421425321
2017,richmond upon thames,e09000027,4135.814101607476
2017,sutton,e09000029,3961.267715014833
2017,waltham forest,e09000031,3421.167728430707
2017,medway,e06000035,3749.207253800577
2017,bracknell forest,e06000036,4066.586262989175
2017,west berkshire,e06000037,4953.281881818455
2017,reading,e06000038,4004.958521910215
2017,slough,e06000039,3671.889606365171
2017,windsor and maidenhead,e06000040,4712.165631343895
2017,wokingham,e06000041,4400.933352146403
2017,milton keynes,e06000042,3881.223192882887
2017,brighton and hove,e06000043,3495.188975435399
2017,portsmouth,e06000044,3447.435667700692
2017,southampton,e06000045,3871.45401683592
2017,isle of wight,e06000046,4225.040198443538
2017,buckinghamshire,e06000060,4714.347249274211
2017,eastbourne,e07000061,3517.901607116101
2017,hastings,e07000062,3631.756727437296
2017,lewes,e07000063,4099.177173630213
2017,rother,e07000064,4535.039614642312
2017,wealden,e07000065,4723.945021912846
2017,basingstoke and deane,e07000084,4219.722256537863
2017,east hampshire,e07000085,4815.823533833046
2017,eastleigh,e07000086,3696.44841824234
2017,fareham,e07000087,3784.894014848615
2017,gosport,e07000088,3605.675726781294
2017,hart,e07000089,4543.070656966828
2017,havant,e07000090,3815.082077348011
2017,new forest,e07000091,4167.228014006409
2017,rushmoor,e07000092,3751.492243070873
2017,test valley,e07000093,4680.097744835061
2017,winchester,e07000094,4615.385373162972
2017,ashford,e07000105,4311.292195749583
2017,canterbury,e07000106,3770.144235333377
2017,dartford,e07000107,3780.214193664613
2017,dover,e07000108,3638.822358123755
2017,gravesham,e07000109,3812.047431108643
2017,maidstone,e07000110,4159.804455130833
2017,sevenoaks,e07000111,4976.337773172159
2017,folkestone and hythe,e07000112,3841.343533092002
2017,swale,e07000113,3920.483456796677
2017,thanet,e07000114,3732.634391655398
2017,tonbridge and malling,e07000115,4293.418413481511
2017,tunbridge wells,e07000116,4499.010726301359
2017,cherwell,e07000177,4609.806167374076
2017,oxford,e07000178,3830.004883614222
2017,south oxfordshire,e07000179,5148.268667706152
2017,vale of white horse,e07000180,4471.812268789302
2017,west oxfordshire,e07000181,4835.807923661468
2017,elmbridge,e07000207,5207.299468466018
2017,epsom and ewell,e07000208,4205.856972401322
2017,guildford,e07000209,4555.256470589956
2017,mole valley,e07000210,4751.888196029257
2017,reigate and banstead,e07000211,4425.1372436322245
2017,runnymede,e07000212,4524.002641240393
2017,spelthorne,e07000213,4215.864165778728
2017,surrey heath,e07000214,4627.015162044053
2017,tandridge,e07000215,4887.301297045381
2017,waverley,e07000216,4972.452452762906
2017,woking,e07000217,4683.755796294418
2017,adur,e07000223,3819.800136449101
2017,arun,e07000224,4039.512492192261
2017,chichester,e07000225,5079.159723215035
2017,crawley,e07000226,3595.808810786795
2017,horsham,e07000227,4715.17317319272
2017,mid sussex,e07000228,4359.805793905295
2017,worthing,e07000229,3762.025690172319
2017,bath and north east somerset,e06000022,4152.893159365391
2017,"bristol, city of",e06000023,3560.374721641895
2017,north somerset,e06000024,3808.102618091267
2017,south gloucestershire,e06000025,3856.912527767599
2017,plymouth,e06000026,3550.080747176779
2017,torbay,e06000027,3881.105783019573
2017,swindon,e06000030,3724.537079316591
2017,cornwall,e06000052,5329.155840472498
2017,isles of scilly,e06000053,7884.694493608658
2017,wiltshire,e06000054,4694.834576255989
2017,"bournemouth, christchurch and poole",e06000058,3781.801549999659
2017,dorset,e06000059,4389.957110697104
2017,somerset,e06000066,4412.762437664052
2017,east devon,e07000040,4289.92788387805
2017,exeter,e07000041,3381.720921149844
2017,mid devon,e07000042,4609.866203315784
2017,north devon,e07000043,4462.311418934702
2017,south hams,e07000044,5331.317709376567
2017,teignbridge,e07000045,4324.881938347729
2017,torridge,e07000046,4620.673194017932
2017,west devon,e07000047,4883.619097066621
2017,cheltenham,e07000078,3851.645136665366
2017,cotswold,e07000079,5887.785695283408
2017,forest of dean,e07000080,4768.361581370779
2017,gloucester,e07000081,3805.830429123067
2017,stroud,e07000082,4494.292526333275
2017,tewkesbury,e07000083,4140.536694234655
2018,all local authorities,e92000001,3815.165644740004
2018,all local authorities,e12000001,3238.392832042331
2018,all local authorities,e12000002,3595.537393050201
2018,all local authorities,e12000003,3525.669174025556
2018,all local authorities,e12000004,3783.439450656707
2018,all local authorities,e12000005,3779.679512386865
2018,all local authorities,e12000006,4170.443348934478
2018,all local authorities,e12000007,3608.525464982211
2018,all local authorities,e13000001,3410.542388073358
2018,all local authorities,e13000002,3755.357772671641
2018,all local authorities,e12000008,4126.066151740268
2018,all local authorities,e12000009,4156.746026010628
2018,hartlepool,e06000001,3150.22309334465
2018,middlesbrough,e06000002,3283.267340192754
2018,redcar and cleveland,e06000003,3143.942510988686
2018,stockton-on-tees,e06000004,3303.379685159574
2018,darlington,e06000005,3375.89272735132
2018,county durham,e06000047,3189.988505003875
2018,northumberland,e06000057,3768.938959387957
2018,newcastle upon tyne,e08000021,3205.233100718074
2018,north tyneside,e08000022,3068.377479807329
2018,south tyneside,e08000023,2917.299652217869
2018,sunderland,e08000024,3118.685410599539
2018,gateshead,e08000037,3095.848030794184
2018,halton,e06000006,3313.774462463298
2018,warrington,e06000007,3443.78054895891
2018,blackburn with darwen,e06000008,3553.139129903025
2018,blackpool,e06000009,3680.866108024891
2018,cheshire east,e06000049,4043.590976647901
2018,cheshire west and chester,e06000050,3785.204213450874
2018,cumberland,e06000063,3865.53386954642
2018,westmorland and furness,e06000064,4366.837903192754
2018,burnley,e07000117,3460.67857820403
2018,chorley,e07000118,3624.89864788456
2018,fylde,e07000119,3869.503446626774
2018,hyndburn,e07000120,3297.529410246189
2018,lancaster,e07000121,3706.443047486267
2018,pendle,e07000122,3435.875804812039
2018,preston,e07000123,3619.952704075471
2018,ribble valley,e07000124,4197.993662239704
2018,rossendale,e07000125,3737.261700941202
2018,south ribble,e07000126,3612.784067988549
2018,west lancashire,e07000127,3980.076763379499
2018,wyre,e07000128,3748.401094753533
2018,bolton,e08000001,3530.622684735249
2018,bury,e08000002,3583.862052324752
2018,manchester,e08000003,3634.652167258545
2018,oldham,e08000004,3377.154778374929
2018,rochdale,e08000005,3436.758084785561
2018,salford,e08000006,3717.577254067899
2018,stockport,e08000007,3667.053721394055
2018,tameside,e08000008,3389.156294005687
2018,trafford,e08000009,3780.421253340262
2018,wigan,e08000010,3321.626519452907
2018,knowsley,e08000011,3370.385140122673
2018,liverpool,e08000012,3129.61081728454
2018,st. helens,e08000013,3281.744176363925
2018,sefton,e08000014,3485.612308356325
2018,wirral,e08000015,3421.004225958825
2018,"kingston upon hull, city of",e06000010,3228.160935725194
2018,east riding of yorkshire,e06000011,3828.152574215272
2018,north east lincolnshire,e06000012,3375.987702761905
2018,north lincolnshire,e06000013,3490.194460571486
2018,york,e06000014,3510.61452742392
2018,north yorkshire,e06000065,4158.980412609046
2018,barnsley,e08000016,3237.840654115417
2018,doncaster,e08000017,3391.160914110088
2018,rotherham,e08000018,3316.532180894941
2018,sheffield,e08000019,3135.111762196605
2018,bradford,e08000032,3613.280575557153
2018,calderdale,e08000033,3540.242263645381
2018,kirklees,e08000034,3415.047303591445
2018,leeds,e08000035,3604.614609700208
2018,wakefield,e08000036,3347.628983147093
2018,derby,e06000015,3535.977520824705
2018,leicester,e06000016,3597.314817105033
2018,rutland,e06000017,4452.406603431621
2018,nottingham,e06000018,3372.351709383986
2018,north northamptonshire,e06000061,3812.81217173907
2018,west northamptonshire,e06000062,4174.615914859693
2018,amber valley,e07000032,3751.67827642862
2018,bolsover,e07000033,3408.708294573613
2018,chesterfield,e07000034,3176.670912622835
2018,derbyshire dales,e07000035,4385.859568950525
2018,erewash,e07000036,3486.752557400629
2018,high peak,e07000037,3748.610550557475
2018,north east derbyshire,e07000038,3473.515724809086
2018,south derbyshire,e07000039,3823.102212290676
2018,blaby,e07000129,3685.372953716453
2018,charnwood,e07000130,3575.152121357117
2018,harborough,e07000131,4277.300381422052
2018,hinckley and bosworth,e07000132,3779.996364443096
2018,melton,e07000133,4111.019531319992
2018,north west leicestershire,e07000134,4019.847177270457
2018,oadby and wigston,e07000135,3825.906032199283
2018,boston,e07000136,4074.403402109588
2018,east lindsey,e07000137,4406.024991024975
2018,lincoln,e07000138,3336.189633747614
2018,north kesteven,e07000139,3993.819292145463
2018,south holland,e07000140,4374.205398516563
2018,south kesteven,e07000141,4107.590694082313
2018,west lindsey,e07000142,3957.974316217398
2018,ashfield,e07000170,3422.280741659506
2018,bassetlaw,e07000171,3887.934610361544
2018,broxtowe,e07000172,3510.71847466149
2018,gedling,e07000173,3693.206502109945
2018,mansfield,e07000174,3381.935470926864
2018,newark and sherwood,e07000175,3976.344050357066
2018,rushcliffe,e07000176,3951.710915775621
2018,"herefordshire, county of",e06000019,4348.095737702516
2018,telford and wrekin,e06000020,3606.185232281639
2018,stoke-on-trent,e06000021,3271.669791695148
2018,shropshire,e06000051,4106.121810381936
2018,cannock chase,e07000192,3600.220690059723
2018,east staffordshire,e07000193,3858.648161685081
2018,lichfield,e07000194,4108.839189581376
2018,newcastle-under-lyme,e07000195,3391.555560164532
2018,south staffordshire,e07000196,3884.503141010807
2018,stafford,e07000197,3771.302557600915
2018,staffordshire moorlands,e07000198,3796.911073063525
2018,tamworth,e07000199,3740.059077377385
2018,north warwickshire,e07000218,4138.190359941609
2018,nuneaton and bedworth,e07000219,3672.624989484865
2018,rugby,e07000220,4004.471717603891
2018,stratford-on-avon,e07000221,4960.619586250209
2018,warwick,e07000222,4118.384044226934
2018,bromsgrove,e07000234,4134.366463054171
2018,malvern hills,e07000235,4480.643757102034
2018,redditch,e07000236,3658.195185626654
2018,worcester,e07000237,3631.678430699536
2018,wychavon,e07000238,4437.702267157757
2018,wyre forest,e07000239,3767.453969591624
2018,birmingham,e08000025,3673.949280404845
2018,coventry,e08000026,3310.906247108775
2018,dudley,e08000027,3571.888996637642
2018,sandwell,e08000028,3549.769035056635
2018,solihull,e08000029,3930.286518082681
2018,walsall,e08000030,3693.95343511366
2018,wolverhampton,e08000031,3649.116927216665
2018,peterborough,e06000031,3661.797985427984
2018,luton,e06000032,3533.232654008882
2018,southend-on-sea,e06000033,3819.551742867116
2018,thurrock,e06000034,4126.705008464035
2018,bedford,e06000055,4038.050376315724
2018,central bedfordshire,e06000056,3991.267643638148
2018,cambridge,e07000008,3936.987855401214
2018,east cambridgeshire,e07000009,4321.896347802067
2018,fenland,e07000010,4230.106690622485
2018,huntingdonshire,e07000011,4072.568826355934
2018,south cambridgeshire,e07000012,4549.635761568595
2018,basildon,e07000066,3974.563371083736
2018,braintree,e07000067,4261.661369616505
2018,brentwood,e07000068,4568.154749436648
2018,castle point,e07000069,4203.873719619512
2018,chelmsford,e07000070,4305.01540122095
2018,colchester,e07000071,3926.828556116003
2018,epping forest,e07000072,4655.40801849191
2018,harlow,e07000073,3603.041795718015
2018,maldon,e07000074,4937.660141345368
2018,rochford,e07000075,4234.935045345078
2018,tendring,e07000076,4048.425171205002
2018,uttlesford,e07000077,5060.750092354237
2018,broxbourne,e07000095,4128.93717162424
2018,dacorum,e07000096,3961.399500937132
2018,hertsmere,e07000098,4437.063927062581
2018,north hertfordshire,e07000099,4035.029236969382
2018,three rivers,e07000102,4369.508108177658
2018,watford,e07000103,3687.084761126143
2018,breckland,e07000143,4525.26289838092
2018,broadland,e07000144,4180.524177393962
2018,great yarmouth,e07000145,4051.533296419958
2018,king's lynn and west norfolk,e07000146,5159.111098179615
2018,north norfolk,e07000147,5101.666207408696
2018,norwich,e07000148,3201.851483646381
2018,south norfolk,e07000149,4592.06846014567
2018,babergh,e07000200,4570.999719284166
2018,ipswich,e07000202,3610.110433807507
2018,mid suffolk,e07000203,4749.516521717088
2018,st albans,e07000240,4251.585565530603
2018,welwyn hatfield,e07000241,3830.990106570456
2018,east hertfordshire,e07000242,4566.385685918397
2018,stevenage,e07000243,3450.269664643158
2018,east suffolk,e07000244,4314.412595994605
2018,west suffolk,e07000245,4310.284131095313
2018,city of london,e09000001,6477.10465703144
2018,camden,e09000007,3111.204926864941
2018,hackney,e09000012,2927.385954993442
2018,hammersmith and fulham,e09000013,3528.510736394613
2018,haringey,e09000014,3293.344795023358
2018,islington,e09000019,2955.300013391319
2018,kensington and chelsea,e09000020,4788.194932971264
2018,lambeth,e09000022,3127.099370255182
2018,lewisham,e09000023,3171.251670971124
2018,newham,e09000025,3336.880689169153
2018,southwark,e09000028,3398.484816486004
2018,tower hamlets,e09000030,3265.431209454327
2018,wandsworth,e09000032,3680.524565843316
2018,westminster,e09000033,4117.43032421352
2018,barking and dagenham,e09000002,3323.456057382286
2018,barnet,e09000003,4136.686388489814
2018,bexley,e09000004,3736.143875301386
2018,brent,e09000005,3626.988014175339
2018,bromley,e09000006,3870.849211932004
2018,croydon,e09000008,3709.533670093669
2018,ealing,e09000009,3795.459150167487
2018,enfield,e09000010,3724.822524264713
2018,greenwich,e09000011,3371.143900958366
2018,harrow,e09000015,3975.545927846686
2018,havering,e09000016,3778.489045437627
2018,hillingdon,e09000017,3872.518520673354
2018,hounslow,e09000018,3804.394132326267
2018,kingston upon thames,e09000021,3761.868685581532
2018,merton,e09000024,3875.083640889502
2018,redbridge,e09000026,3646.043425768455
2018,richmond upon thames,e09000027,4024.401715326982
2018,sutton,e09000029,3831.758195805968
2018,waltham forest,e09000031,3360.57765804407
2018,medway,e06000035,3634.019697129062
2018,bracknell forest,e06000036,3987.562927839533
2018,west berkshire,e06000037,4876.032257673963
2018,reading,e06000038,3965.124357551657
2018,slough,e06000039,3625.611536964981
2018,windsor and maidenhead,e06000040,4647.693563418728
2018,wokingham,e06000041,4303.217944857367
2018,milton keynes,e06000042,3806.464459235208
2018,brighton and hove,e06000043,3371.280383334537
2018,portsmouth,e06000044,3349.585625428486
2018,southampton,e06000045,3803.577675647909
2018,isle of wight,e06000046,4111.802508377604
2018,buckinghamshire,e06000060,4609.806462465704
2018,eastbourne,e07000061,3405.979651050897
2018,hastings,e07000062,3449.78372463135
2018,lewes,e07000063,3985.24696509241
2018,rother,e07000064,4369.268624792355
2018,wealden,e07000065,4615.956219347448
2018,basingstoke and deane,e07000084,4184.376993420752
2018,east hampshire,e07000085,4730.347640675196
2018,eastleigh,e07000086,3629.012193975351
2018,fareham,e07000087,3723.501511002358
2018,gosport,e07000088,3531.036295355161
2018,hart,e07000089,4483.755772086108
2018,havant,e07000090,3732.433840543978
2018,new forest,e07000091,4095.955586029605
2018,rushmoor,e07000092,3730.536103731783
2018,test valley,e07000093,4593.6823049673
2018,winchester,e07000094,4552.543895089814
2018,ashford,e07000105,4168.824353025511
2018,canterbury,e07000106,3644.826404815558
2018,dartford,e07000107,3673.286080502611
2018,dover,e07000108,3521.641137891277
2018,gravesham,e07000109,3711.625883332038
2018,maidstone,e07000110,4033.579350980625
2018,sevenoaks,e07000111,4813.799651631931
2018,folkestone and hythe,e07000112,3690.185988570476
2018,swale,e07000113,3764.839190896846
2018,thanet,e07000114,3599.512657349255
2018,tonbridge and malling,e07000115,4162.452543219768
2018,tunbridge wells,e07000116,4420.617419893319
2018,cherwell,e07000177,4489.426123698344
2018,oxford,e07000178,3754.560136377023
2018,south oxfordshire,e07000179,5034.114953333232
2018,vale of white horse,e07000180,4365.769705020676
2018,west oxfordshire,e07000181,4730.32098522171
2018,elmbridge,e07000207,5085.070165364104
2018,epsom and ewell,e07000208,4133.399903699697
2018,guildford,e07000209,4453.139422802492
2018,mole valley,e07000210,4633.026149971442
2018,reigate and banstead,e07000211,4323.929731379291
2018,runnymede,e07000212,4418.062620334047
2018,spelthorne,e07000213,4163.506493409373
2018,surrey heath,e07000214,4539.235243022516
2018,tandridge,e07000215,4800.274451587846
2018,waverley,e07000216,4912.863217844368
2018,woking,e07000217,4571.991117592402
2018,adur,e07000223,3702.270855861237
2018,arun,e07000224,3942.810819264602
2018,chichester,e07000225,4978.679071435914
2018,crawley,e07000226,3496.47844910241
2018,horsham,e07000227,4625.609420953905
2018,mid sussex,e07000228,4247.651321550646
2018,worthing,e07000229,3624.290714193747
2018,bath and north east somerset,e06000022,4023.527253719065
2018,"bristol, city of",e06000023,3460.268728036644
2018,north somerset,e06000024,3707.754661633107
2018,south gloucestershire,e06000025,3764.359723216025
2018,plymouth,e06000026,3431.040291706723
2018,torbay,e06000027,3745.856741895534
2018,swindon,e06000030,3651.368737905623
2018,cornwall,e06000052,5115.400308582532
2018,isles of scilly,e06000053,7544.29544103073
2018,wiltshire,e06000054,4608.805850731369
2018,"bournemouth, christchurch and poole",e06000058,3725.050071628028
2018,dorset,e06000059,4278.408481565428
2018,somerset,e06000066,4284.215241108145
2018,east devon,e07000040,4183.267704057464
2018,exeter,e07000041,3272.718984818863
2018,mid devon,e07000042,4475.886003243744
2018,north devon,e07000043,4330.802821098187
2018,south hams,e07000044,5197.816550256665
2018,teignbridge,e07000045,4184.451115513752
2018,torridge,e07000046,4487.538463576149
2018,west devon,e07000047,4691.700810735286
2018,cheltenham,e07000078,3776.730880040404
2018,cotswold,e07000079,5706.138110365317
2018,forest of dean,e07000080,4632.654636561209
2018,gloucester,e07000081,3703.40982793601
2018,stroud,e07000082,4361.684831113807
2018,tewkesbury,e07000083,4039.535203391144
2019,all local authorities,e92000001,3779.45713560855
2019,all local authorities,e12000001,3212.709470338196
2019,all local authorities,e12000002,3558.29501065162
2019,all local authorities,e12000003,3502.471351322778
2019,all local authorities,e12000004,3733.076799855125
2019,all local authorities,e12000005,3730.329901413784
2019,all local authorities,e12000006,4134.314613149951
2019,all local authorities,e12000007,3565.80256696148
2019,all local authorities,e13000001,3350.531779666246
2019,all local authorities,e13000002,3726.022663164085
2019,all local authorities,e12000008,4104.087172822286
2019,all local authorities,e12000009,4119.234905914983
2019,hartlepool,e06000001,3104.975128260214
2019,middlesbrough,e06000002,3255.078285824284
2019,redcar and cleveland,e06000003,3101.788792976039
2019,stockton-on-tees,e06000004,3262.771717367338
2019,darlington,e06000005,3360.545168604097
2019,county durham,e06000047,3176.325530833572
2019,northumberland,e06000057,3743.832839045454
2019,newcastle upon tyne,e08000021,3183.186652852828
2019,north tyneside,e08000022,3042.050505972994
2019,south tyneside,e08000023,2879.548975387754
2019,sunderland,e08000024,3095.052735497778
2019,gateshead,e08000037,3068.816590224629
2019,halton,e06000006,3278.190247011512
2019,warrington,e06000007,3405.139161909669
2019,blackburn with darwen,e06000008,3518.745481502167
2019,blackpool,e06000009,3620.193461504771
2019,cheshire east,e06000049,4033.578134089415
2019,cheshire west and chester,e06000050,3747.103132948182
2019,cumberland,e06000063,3823.255604521103
2019,westmorland and furness,e06000064,4306.879681014624
2019,burnley,e07000117,3414.001802606888
2019,chorley,e07000118,3572.989744507385
2019,fylde,e07000119,3803.239984830128
2019,hyndburn,e07000120,3244.471531828927
2019,lancaster,e07000121,3658.277019503244
2019,pendle,e07000122,3364.482402646056
2019,preston,e07000123,3594.80633952801
2019,ribble valley,e07000124,4216.688984176357
2019,rossendale,e07000125,3678.802796090005
2019,south ribble,e07000126,3579.548003608817
2019,west lancashire,e07000127,3955.4777384618
2019,wyre,e07000128,3711.83658413837
2019,bolton,e08000001,3479.703203696713
2019,bury,e08000002,3529.910551141105
2019,manchester,e08000003,3640.281765708018
2019,oldham,e08000004,3339.139969118127
2019,rochdale,e08000005,3381.3228649311
2019,salford,e08000006,3719.657874125226
2019,stockport,e08000007,3641.079402644199
2019,tameside,e08000008,3341.372113377642
2019,trafford,e08000009,3747.022166290501
2019,wigan,e08000010,3286.83504720323
2019,knowsley,e08000011,3348.527933552878
2019,liverpool,e08000012,3059.610519365367
2019,st. helens,e08000013,3248.215334293468
2019,sefton,e08000014,3436.62132649767
2019,wirral,e08000015,3380.984324091758
2019,"kingston upon hull, city of",e06000010,3203.900666965907
2019,east riding of yorkshire,e06000011,3801.18411932255
2019,north east lincolnshire,e06000012,3334.201518946382
2019,north lincolnshire,e06000013,3467.218228628139
2019,york,e06000014,3481.75255894343
2019,north yorkshire,e06000065,4145.762460020173
2019,barnsley,e08000016,3212.466419684435
2019,doncaster,e08000017,3362.986585810513
2019,rotherham,e08000018,3300.29665397088
2019,sheffield,e08000019,3127.608321161884
2019,bradford,e08000032,3570.146533389955
2019,calderdale,e08000033,3519.846815493084
2019,kirklees,e08000034,3412.27018091452
2019,leeds,e08000035,3575.680338537743
2019,wakefield,e08000036,3311.562475057844
2019,derby,e06000015,3501.219321053873
2019,leicester,e06000016,3534.339515644664
2019,rutland,e06000017,4359.203207378753
2019,nottingham,e06000018,3345.123250182165
2019,north northamptonshire,e06000061,3746.697784234622
2019,west northamptonshire,e06000062,4087.239994737961
2019,amber valley,e07000032,3736.859191669827
2019,bolsover,e07000033,3401.68208041711
2019,chesterfield,e07000034,3167.427034714721
2019,derbyshire dales,e07000035,4354.394698657687
2019,erewash,e07000036,3441.33538362083
2019,high peak,e07000037,3692.627078122988
2019,north east derbyshire,e07000038,3486.831437513256
2019,south derbyshire,e07000039,3789.465782432627
2019,blaby,e07000129,3612.37162861779
2019,charnwood,e07000130,3534.148335684449
2019,harborough,e07000131,4249.958047588442
2019,hinckley and bosworth,e07000132,3680.704685352281
2019,melton,e07000133,4111.580578806782
2019,north west leicestershire,e07000134,3943.977157766319
2019,oadby and wigston,e07000135,3809.509250474365
2019,boston,e07000136,3964.564145000488
2019,east lindsey,e07000137,4283.710746528992
2019,lincoln,e07000138,3283.747497570417
2019,north kesteven,e07000139,3964.062107369879
2019,south holland,e07000140,4287.467498169504
2019,south kesteven,e07000141,4050.169566970682
2019,west lindsey,e07000142,3950.70720198246
2019,ashfield,e07000170,3350.168244859779
2019,bassetlaw,e07000171,3854.43391402638
2019,broxtowe,e07000172,3473.982720943136
2019,gedling,e07000173,3632.4346804836
2019,mansfield,e07000174,3361.042378083077
2019,newark and sherwood,e07000175,3916.891621892652
2019,rushcliffe,e07000176,3920.336371609228
2019,"herefordshire, county of",e06000019,4294.551793398544
2019,telford and wrekin,e06000020,3572.028370141141
2019,stoke-on-trent,e06000021,3241.967153172106
2019,shropshire,e06000051,4058.228268772406
2019,cannock chase,e07000192,3591.728573731275
2019,east staffordshire,e07000193,3822.564000714102
2019,lichfield,e07000194,4139.036884950204
2019,newcastle-under-lyme,e07000195,3355.69675715448
2019,south staffordshire,e07000196,3854.090156148668
2019,stafford,e07000197,3740.856643226541
2019,staffordshire moorlands,e07000198,3784.763099781504
2019,tamworth,e07000199,3684.826833570614
2019,north warwickshire,e07000218,4036.670427270079
2019,nuneaton and bedworth,e07000219,3598.630635916686
2019,rugby,e07000220,3952.949707459804
2019,stratford-on-avon,e07000221,4902.883221548153
2019,warwick,e07000222,4055.550202834754
2019,bromsgrove,e07000234,4097.120939858776
2019,malvern hills,e07000235,4434.253474077259
2019,redditch,e07000236,3652.074627374129
2019,worcester,e07000237,3558.452947608207
2019,wychavon,e07000238,4373.544019934457
2019,wyre forest,e07000239,3717.742551975748
2019,birmingham,e08000025,3623.364596220772
2019,coventry,e08000026,3199.272833612164
2019,dudley,e08000027,3532.734341527324
2019,sandwell,e08000028,3479.908053790853
2019,solihull,e08000029,3888.015411318054
2019,walsall,e08000030,3637.894343072154
2019,wolverhampton,e08000031,3602.082589452025
2019,peterborough,e06000031,3650.262056643614
2019,luton,e06000032,3524.172987126879
2019,southend-on-sea,e06000033,3754.1579773208
2019,thurrock,e06000034,4060.674130422079
2019,bedford,e06000055,4016.834683892554
2019,central bedfordshire,e06000056,3992.321458270967
2019,cambridge,e07000008,3991.83813830749
2019,east cambridgeshire,e07000009,4287.219070471776
2019,fenland,e07000010,4166.972895009158
2019,huntingdonshire,e07000011,4062.555267904094
2019,south cambridgeshire,e07000012,4549.332502803027
2019,basildon,e07000066,3966.312975898767
2019,braintree,e07000067,4217.412604585455
2019,brentwood,e07000068,4560.366465697796
2019,castle point,e07000069,4159.05112339814
2019,chelmsford,e07000070,4259.902465869772
2019,colchester,e07000071,3861.286433381588
2019,epping forest,e07000072,4622.392089722439
2019,harlow,e07000073,3631.612203828094
2019,maldon,e07000074,4833.529018811844
2019,rochford,e07000075,4182.5537076707305
2019,tendring,e07000076,3957.511425656
2019,uttlesford,e07000077,5044.474578588671
2019,broxbourne,e07000095,4099.984620482227
2019,dacorum,e07000096,3951.499953419006
2019,hertsmere,e07000098,4436.407678191988
2019,north hertfordshire,e07000099,4022.852728761084
2019,three rivers,e07000102,4395.765801924415
2019,watford,e07000103,3682.85654645337
2019,breckland,e07000143,4477.588158911029
2019,broadland,e07000144,4109.033073300733
2019,great yarmouth,e07000145,3978.917058189869
2019,king's lynn and west norfolk,e07000146,5113.775612732961
2019,north norfolk,e07000147,4999.75120747969
2019,norwich,e07000148,3173.218542499828
2019,south norfolk,e07000149,4507.201331183524
2019,babergh,e07000200,4485.527384287356
2019,ipswich,e07000202,3570.513678645877
2019,mid suffolk,e07000203,4674.721807231627
2019,st albans,e07000240,4263.310843434352
2019,welwyn hatfield,e07000241,3804.753679671716
2019,east hertfordshire,e07000242,4525.563003769211
2019,stevenage,e07000243,3421.223842485337
2019,east suffolk,e07000244,4216.030360930671
2019,west suffolk,e07000245,4268.607647880515
2019,city of london,e09000001,6394.265170099515
2019,camden,e09000007,3027.335455669889
2019,hackney,e09000012,2877.744650692791
2019,hammersmith and fulham,e09000013,3474.328340151041
2019,haringey,e09000014,3234.425728867048
2019,islington,e09000019,2907.233904329849
2019,kensington and chelsea,e09000020,4666.142097830124
2019,lambeth,e09000022,3092.065601181108
2019,lewisham,e09000023,3114.557698699124
2019,newham,e09000025,3292.506152373043
2019,southwark,e09000028,3344.850712097644
2019,tower hamlets,e09000030,3229.94852658205
2019,wandsworth,e09000032,3649.013226960574
2019,westminster,e09000033,3992.351166115698
2019,barking and dagenham,e09000002,3263.173563724373
2019,barnet,e09000003,4109.34515157924
2019,bexley,e09000004,3664.012763133883
2019,brent,e09000005,3592.333753652479
2019,bromley,e09000006,3831.12751824242
2019,croydon,e09000008,3716.111618169733
2019,ealing,e09000009,3776.780101640875
2019,enfield,e09000010,3671.998283278371
2019,greenwich,e09000011,3336.599851996144
2019,harrow,e09000015,3979.996833387676
2019,havering,e09000016,3732.238618548407
2019,hillingdon,e09000017,3864.138344280339
2019,hounslow,e09000018,3777.89191094948
2019,kingston upon thames,e09000021,3766.794040401153
2019,merton,e09000024,3869.871276743624
2019,redbridge,e09000026,3588.235434449693
2019,richmond upon thames,e09000027,4019.12430803018
2019,sutton,e09000029,3827.744275747569
2019,waltham forest,e09000031,3294.84446023422
2019,medway,e06000035,3616.761788994893
2019,bracknell forest,e06000036,4016.993399313399
2019,west berkshire,e06000037,4846.212029000321
2019,reading,e06000038,3908.595725865889
2019,slough,e06000039,3609.551630093428
2019,windsor and maidenhead,e06000040,4612.325536874286
2019,wokingham,e06000041,4288.647432186052
2019,milton keynes,e06000042,3782.491436166977
2019,brighton and hove,e06000043,3343.807795528786
2019,portsmouth,e06000044,3311.009732514388
2019,southampton,e06000045,3755.429118663556
2019,isle of wight,e06000046,4027.012301749191
2019,buckinghamshire,e06000060,4595.718157079897
2019,eastbourne,e07000061,3381.85346898853
2019,hastings,e07000062,3409.271241968739
2019,lewes,e07000063,3946.479987945866
2019,rother,e07000064,4328.452049721599
2019,wealden,e07000065,4597.850254329457
2019,basingstoke and deane,e07000084,4185.077154152101
2019,east hampshire,e07000085,4730.372148472495
2019,eastleigh,e07000086,3635.611993560493
2019,fareham,e07000087,3699.12319501321
2019,gosport,e07000088,3478.592208037348
2019,hart,e07000089,4466.850333981996
2019,havant,e07000090,3659.286963696381
2019,new forest,e07000091,4085.027714249657
2019,rushmoor,e07000092,3723.462249209447
2019,test valley,e07000093,4550.297203982251
2019,winchester,e07000094,4529.177394895922
2019,ashford,e07000105,4115.665816203369
2019,canterbury,e07000106,3610.20518840091
2019,dartford,e07000107,3648.33715408801
2019,dover,e07000108,3502.691476506763
2019,gravesham,e07000109,3668.183460339757
2019,maidstone,e07000110,4009.183630548155
2019,sevenoaks,e07000111,4786.963139151649
2019,folkestone and hythe,e07000112,3630.516708808481
2019,swale,e07000113,3739.984846815043
2019,thanet,e07000114,3553.49958728601
2019,tonbridge and malling,e07000115,4136.635394266471
2019,tunbridge wells,e07000116,4420.334138362754
2019,cherwell,e07000177,4464.064259286672
2019,oxford,e07000178,3764.712418118746
2019,south oxfordshire,e07000179,5015.359792368167
2019,vale of white horse,e07000180,4341.779961051276
2019,west oxfordshire,e07000181,4724.626819339535
2019,elmbridge,e07000207,5096.998673763881
2019,epsom and ewell,e07000208,4126.929635428307
2019,guildford,e07000209,4451.1743743208845
2019,mole valley,e07000210,4660.064795449249
2019,reigate and banstead,e07000211,4317.389544414934
2019,runnymede,e07000212,4426.77701831093
2019,spelthorne,e07000213,4165.880686516061
2019,surrey heath,e07000214,4562.492475659644
2019,tandridge,e07000215,4802.153663203417
2019,waverley,e07000216,4886.24653547343
2019,woking,e07000217,4569.505311596795
2019,adur,e07000223,3667.816057959398
2019,arun,e07000224,3878.07334493803
2019,chichester,e07000225,4906.212915355863
2019,crawley,e07000226,3532.108641618474
2019,horsham,e07000227,4589.214524433543
2019,mid sussex,e07000228,4294.698998111029
2019,worthing,e07000229,3612.807752527295
2019,bath and north east somerset,e06000022,3978.072339208858
2019,"bristol, city of",e06000023,3426.751743191535
2019,north somerset,e06000024,3672.025590079129
2019,south gloucestershire,e06000025,3748.191021314288
2019,plymouth,e06000026,3427.196570630838
2019,torbay,e06000027,3688.571353562678
2019,swindon,e06000030,3631.179544973327
2019,cornwall,e06000052,5102.116441435848
2019,isles of scilly,e06000053,8291.425026288112
2019,wiltshire,e06000054,4548.613109805566
2019,"bournemouth, christchurch and poole",e06000058,3686.569513277161
2019,dorset,e06000059,4236.126850115438
2019,somerset,e06000066,4228.211224671631
2019,east devon,e07000040,4095.639687089668
2019,exeter,e07000041,3221.705310617506
2019,mid devon,e07000042,4429.303652931709
2019,north devon,e07000043,4332.898327473153
2019,south hams,e07000044,5168.243241787483
2019,teignbridge,e07000045,4136.845088640013
2019,torridge,e07000046,4430.000745731674
2019,west devon,e07000047,4652.618150431571
2019,cheltenham,e07000078,3741.845336662235
2019,cotswold,e07000079,5604.585993706718
2019,forest of dean,e07000080,4597.203995748066
2019,gloucester,e07000081,3670.654434792313
2019,stroud,e07000082,4325.65674066234
2019,tewkesbury,e07000083,3988.726277555117
2020,all local authorities,e92000001,3967.837886184632
2020,all local authorities,e12000001,3365.670577755702
2020,all local authorities,e12000002,3739.106741317205
2020,all local authorities,e12000003,3673.622889482499
2020,all local authorities,e12000004,3932.078935926801
2020,all local authorities,e12000005,3901.478129806326
2020,all local authorities,e12000006,4374.795113435815
2020,all local authorities,e12000007,3707.402148114687
2020,all local authorities,e13000001,3450.873636479718
2020,all local authorities,e13000002,3898.942356479921
2020,all local authorities,e12000008,4332.832151642038
2020,all local authorities,e12000009,4307.006523414612
2020,hartlepool,e06000001,3239.550129833396
2020,middlesbrough,e06000002,3411.119039437242
2020,redcar and cleveland,e06000003,3244.773472242092
2020,stockton-on-tees,e06000004,3459.115162479345
2020,darlington,e06000005,3590.29540482302
2020,county durham,e06000047,3326.668714631947
2020,northumberland,e06000057,3906.063407856785
2020,newcastle upon tyne,e08000021,3337.661888496019
2020,north tyneside,e08000022,3193.694813254409
2020,south tyneside,e08000023,2988.988824730368
2020,sunderland,e08000024,3229.923171979599
2020,gateshead,e08000037,3202.235888416836
2020,halton,e06000006,3428.256489732634
2020,warrington,e06000007,3593.970226789784
2020,blackburn with darwen,e06000008,3707.694713566263
2020,blackpool,e06000009,3786.965405105467
2020,cheshire east,e06000049,4280.757476755598
2020,cheshire west and chester,e06000050,3970.343513213784
2020,cumberland,e06000063,4037.462977709798
2020,westmorland and furness,e06000064,4517.188332617242
2020,burnley,e07000117,3570.551421574235
2020,chorley,e07000118,3777.727567711819
2020,fylde,e07000119,4056.90234298717
2020,hyndburn,e07000120,3414.523746701384
2020,lancaster,e07000121,3841.249539495504
2020,pendle,e07000122,3511.704662384378
2020,preston,e07000123,3829.43508794864
2020,ribble valley,e07000124,4498.910023374494
2020,rossendale,e07000125,3843.195819621992
2020,south ribble,e07000126,3787.575369622909
2020,west lancashire,e07000127,4161.653825455949
2020,wyre,e07000128,3912.34027896102
2020,bolton,e08000001,3637.861973363959
2020,bury,e08000002,3693.776626629213
2020,manchester,e08000003,3810.439343421999
2020,oldham,e08000004,3470.842975268562
2020,rochdale,e08000005,3520.752145183668
2020,salford,e08000006,3930.063568246812
2020,stockport,e08000007,3824.59963468131
2020,tameside,e08000008,3487.634353976239
2020,trafford,e08000009,3966.186456078545
2020,wigan,e08000010,3462.276650435617
2020,knowsley,e08000011,3476.040460628284
2020,liverpool,e08000012,3188.951746692989
2020,st. helens,e08000013,3410.122645748842
2020,sefton,e08000014,3610.761141649921
2020,wirral,e08000015,3528.17335801911
2020,"kingston upon hull, city of",e06000010,3325.107557031903
2020,east riding of yorkshire,e06000011,4025.459734680112
2020,north east lincolnshire,e06000012,3486.116457129155
2020,north lincolnshire,e06000013,3623.169086628939
2020,york,e06000014,3680.683873298184
2020,north yorkshire,e06000065,4368.905887244334
2020,barnsley,e08000016,3366.50379246909
2020,doncaster,e08000017,3526.634193951406
2020,rotherham,e08000018,3445.638778497673
2020,sheffield,e08000019,3264.752035897988
2020,bradford,e08000032,3731.845339293902
2020,calderdale,e08000033,3702.717113149925
2020,kirklees,e08000034,3571.383519522618
2020,leeds,e08000035,3754.746633222345
2020,wakefield,e08000036,3470.175649237483
2020,derby,e06000015,3661.4711754056452
2020,leicester,e06000016,3728.656117940326
2020,rutland,e06000017,4641.491599541259
2020,nottingham,e06000018,3484.980476122402
2020,north northamptonshire,e06000061,3940.429120183449
2020,west northamptonshire,e06000062,4327.259228272165
2020,amber valley,e07000032,3933.307408806504
2020,bolsover,e07000033,3548.835510586487
2020,chesterfield,e07000034,3312.910532714562
2020,derbyshire dales,e07000035,4590.780350349598
2020,erewash,e07000036,3626.611055652154
2020,high peak,e07000037,3879.766975822401
2020,north east derbyshire,e07000038,3689.501818566533
2020,south derbyshire,e07000039,3987.372780736857
2020,blaby,e07000129,3805.909999332256
2020,charnwood,e07000130,3742.854728071937
2020,harborough,e07000131,4563.785057792768
2020,hinckley and bosworth,e07000132,3884.930730407465
2020,melton,e07000133,4358.580687082374
2020,north west leicestershire,e07000134,4175.718238484866
2020,oadby and wigston,e07000135,4116.651305146886
2020,boston,e07000136,4136.952411109571
2020,east lindsey,e07000137,4472.16250070608
2020,lincoln,e07000138,3402.947356734486
2020,north kesteven,e07000139,4175.55898957706
2020,south holland,e07000140,4539.286980227279
2020,south kesteven,e07000141,4293.287560399713
2020,west lindsey,e07000142,4130.978532451869
2020,ashfield,e07000170,3486.952145571539
2020,bassetlaw,e07000171,4050.986879449786
2020,broxtowe,e07000172,3666.566197922833
2020,gedling,e07000173,3829.77050183856
2020,mansfield,e07000174,3538.685784346666
2020,newark and sherwood,e07000175,4123.016840850877
2020,rushcliffe,e07000176,4173.65871283316
2020,"herefordshire, county of",e06000019,4476.940562652746
2020,telford and wrekin,e06000020,3748.213807219093
2020,stoke-on-trent,e06000021,3354.365033461268
2020,shropshire,e06000051,4249.039888808376
2020,cannock chase,e07000192,3772.946557995103
2020,east staffordshire,e07000193,4000.198509562479
2020,lichfield,e07000194,4367.144968086525
2020,newcastle-under-lyme,e07000195,3464.982139131308
2020,south staffordshire,e07000196,4072.784007171592
2020,stafford,e07000197,3939.775419366027
2020,staffordshire moorlands,e07000198,3937.359896113702
2020,tamworth,e07000199,3908.302265266425
2020,north warwickshire,e07000218,4247.815866909566
2020,nuneaton and bedworth,e07000219,3795.061893686509
2020,rugby,e07000220,4171.99932596381
2020,stratford-on-avon,e07000221,5210.697154905902
2020,warwick,e07000222,4300.896046494196
2020,bromsgrove,e07000234,4324.335168797007
2020,malvern hills,e07000235,4683.648206102779
2020,redditch,e07000236,3806.088017683049
2020,worcester,e07000237,3718.282175756882
2020,wychavon,e07000238,4583.247373499824
2020,wyre forest,e07000239,3884.740084007407
2020,birmingham,e08000025,3786.820455447937
2020,coventry,e08000026,3271.256763879377
2020,dudley,e08000027,3671.191239682757
2020,sandwell,e08000028,3628.516528189004
2020,solihull,e08000029,4077.735476706192
2020,walsall,e08000030,3791.240586562536
2020,wolverhampton,e08000031,3766.218736436249
2020,peterborough,e06000031,3828.352252532582
2020,luton,e06000032,3716.475870484464
2020,southend-on-sea,e06000033,3987.162407278208
2020,thurrock,e06000034,4276.571522832034
2020,bedford,e06000055,4282.817492393501
2020,central bedfordshire,e06000056,4223.35972586746
2020,cambridge,e07000008,4290.656949267948
2020,east cambridgeshire,e07000009,4550.44444490312
2020,fenland,e07000010,4361.975211830834
2020,huntingdonshire,e07000011,4328.59327482552
2020,south cambridgeshire,e07000012,4891.248902484727
2020,basildon,e07000066,4179.323851311129
2020,braintree,e07000067,4492.854117195373
2020,brentwood,e07000068,4914.13359612206
2020,castle point,e07000069,4400.386480834161
2020,chelmsford,e07000070,4536.070016611248
2020,colchester,e07000071,4073.205701858951
2020,epping forest,e07000072,4866.299639577656
2020,harlow,e07000073,3813.5304234363052
2020,maldon,e07000074,5168.919947799819
2020,rochford,e07000075,4407.754951651356
2020,tendring,e07000076,4177.762299277573
2020,uttlesford,e07000077,5353.860479924082
2020,broxbourne,e07000095,4290.276317556054
2020,dacorum,e07000096,4193.427620110818
2020,hertsmere,e07000098,4693.001590316522
2020,north hertfordshire,e07000099,4283.112624844069
2020,three rivers,e07000102,4588.976671718125
2020,watford,e07000103,3881.895658551387
2020,breckland,e07000143,4693.270112844825
2020,broadland,e07000144,4336.928497358951
2020,great yarmouth,e07000145,4168.146138472394
2020,king's lynn and west norfolk,e07000146,5386.338285020059
2020,north norfolk,e07000147,5219.8185591882
2020,norwich,e07000148,3333.327549131235
2020,south norfolk,e07000149,4763.3833994218
2020,babergh,e07000200,4747.143069109461
2020,ipswich,e07000202,3777.350915577693
2020,mid suffolk,e07000203,4962.585428752409
2020,st albans,e07000240,4572.56828977427
2020,welwyn hatfield,e07000241,4046.452061961738
2020,east hertfordshire,e07000242,4818.820009615882
2020,stevenage,e07000243,3581.149908626693
2020,east suffolk,e07000244,4441.138127611805
2020,west suffolk,e07000245,4524.288525721298
2020,city of london,e09000001,6425.401515858207
2020,camden,e09000007,3090.007515751751
2020,hackney,e09000012,2988.51365582274
2020,hammersmith and fulham,e09000013,3579.715007745488
2020,haringey,e09000014,3385.941799297155
2020,islington,e09000019,3013.398524096394
2020,kensington and chelsea,e09000020,4613.087189383553
2020,lambeth,e09000022,3253.051158870954
2020,lewisham,e09000023,3239.299871131237
2020,newham,e09000025,3463.238977239093
2020,southwark,e09000028,3456.539190275728
2020,tower hamlets,e09000030,3334.371503300694
2020,wandsworth,e09000032,3824.88638164507
2020,westminster,e09000033,3909.831709939887
2020,barking and dagenham,e09000002,3394.348730876508
2020,barnet,e09000003,4270.823333171838
2020,bexley,e09000004,3837.073459107644
2020,brent,e09000005,3731.951744576569
2020,bromley,e09000006,4035.419301151319
2020,croydon,e09000008,3923.867198482315
2020,ealing,e09000009,3973.34216510031
2020,enfield,e09000010,3815.306658727723
2020,greenwich,e09000011,3465.326632938007
2020,harrow,e09000015,4156.544341251172
2020,havering,e09000016,3901.967259495638
2020,hillingdon,e09000017,4038.796418542147
2020,hounslow,e09000018,3958.758606989681
2020,kingston upon thames,e09000021,3943.766472490039
2020,merton,e09000024,4087.687757377753
2020,redbridge,e09000026,3785.820788573717
2020,richmond upon thames,e09000027,4196.73197219289
2020,sutton,e09000029,4010.685703899051
2020,waltham forest,e09000031,3433.26554858971
2020,medway,e06000035,3826.413172851544
2020,bracknell forest,e06000036,4242.819885652853
2020,west berkshire,e06000037,5089.695857323517
2020,reading,e06000038,4106.943189305904
2020,slough,e06000039,3756.500179118776
2020,windsor and maidenhead,e06000040,4856.156963216577
2020,wokingham,e06000041,4580.656426486037
2020,milton keynes,e06000042,4044.204318559882
2020,brighton and hove,e06000043,3508.423069198
2020,portsmouth,e06000044,3433.856409256253
2020,southampton,e06000045,3938.245646734068
2020,isle of wight,e06000046,4165.163270726092
2020,buckinghamshire,e06000060,4864.354792524742
2020,eastbourne,e07000061,3540.873401481785
2020,hastings,e07000062,3559.04245684108
2020,lewes,e07000063,4168.009308613268
2020,rother,e07000064,4559.281868978876
2020,wealden,e07000065,4851.95042030198
2020,basingstoke and deane,e07000084,4460.300667158159
2020,east hampshire,e07000085,4987.017369504357
2020,eastleigh,e07000086,3856.398357746623
2020,fareham,e07000087,3879.243619985954
2020,gosport,e07000088,3654.254996177582
2020,hart,e07000089,4753.076809921698
2020,havant,e07000090,3821.137694296082
2020,new forest,e07000091,4291.781919204438
2020,rushmoor,e07000092,3954.015136526768
2020,test valley,e07000093,4788.594339697172
2020,winchester,e07000094,4841.829833481859
2020,ashford,e07000105,4348.340719846173
2020,canterbury,e07000106,3804.239413045393
2020,dartford,e07000107,3836.145783369942
2020,dover,e07000108,3678.890833061782
2020,gravesham,e07000109,3917.315893756769
2020,maidstone,e07000110,4263.560153965162
2020,sevenoaks,e07000111,5094.141555069526
2020,folkestone and hythe,e07000112,3803.493175026397
2020,swale,e07000113,3919.995590629542
2020,thanet,e07000114,3731.871277054378
2020,tonbridge and malling,e07000115,4350.988939874014
2020,tunbridge wells,e07000116,4699.121893627699
2020,cherwell,e07000177,4725.560633076224
2020,oxford,e07000178,3981.923592823774
2020,south oxfordshire,e07000179,5316.864110125472
2020,vale of white horse,e07000180,4559.213177547128
2020,west oxfordshire,e07000181,4972.810570100015
2020,elmbridge,e07000207,5397.743389097924
2020,epsom and ewell,e07000208,4369.165963203473
2020,guildford,e07000209,4741.48507960048
2020,mole valley,e07000210,4949.58965358538
2020,reigate and banstead,e07000211,4581.436729010464
2020,runnymede,e07000212,4686.072651670869
2020,spelthorne,e07000213,4407.833319577458
2020,surrey heath,e07000214,4845.088490645129
2020,tandridge,e07000215,5102.938154101799
2020,waverley,e07000216,5186.207652908343
2020,woking,e07000217,4877.303859141351
2020,adur,e07000223,3910.268283779471
2020,arun,e07000224,4068.916898928617
2020,chichester,e07000225,5155.964592135396
2020,crawley,e07000226,3693.70565981344
2020,horsham,e07000227,4852.494843785082
2020,mid sussex,e07000228,4550.161985491253
2020,worthing,e07000229,3820.153960955041
2020,bath and north east somerset,e06000022,4225.87261407224
2020,"bristol, city of",e06000023,3615.017014678399
2020,north somerset,e06000024,3889.179801256643
2020,south gloucestershire,e06000025,3944.396472643783
2020,plymouth,e06000026,3554.33264504786
2020,torbay,e06000027,3843.664077382452
2020,swindon,e06000030,3778.468424023364
2020,cornwall,e06000052,5266.469828927005
2020,isles of scilly,e06000053,8895.730625686057
2020,wiltshire,e06000054,4740.780391681902
2020,"bournemouth, christchurch and poole",e06000058,3875.200187100319
2020,dorset,e06000059,4414.082128466402
2020,somerset,e06000066,4434.028741870834
2020,east devon,e07000040,4304.970209227263
2020,exeter,e07000041,3372.752883347035
2020,mid devon,e07000042,4635.061588327796
2020,north devon,e07000043,4562.84850222366
2020,south hams,e07000044,5404.960948223815
2020,teignbridge,e07000045,4306.14901078942
2020,torridge,e07000046,4607.413211729317
2020,west devon,e07000047,4860.913967200422
2020,cheltenham,e07000078,3925.599478965673
2020,cotswold,e07000079,5772.288980555359
2020,forest of dean,e07000080,4781.81464184789
2020,gloucester,e07000081,3831.908367623877
2020,stroud,e07000082,4564.285073629384
2020,tewkesbury,e07000083,4181.869058701855
2021,all local authorities,e92000001,3725.291891321967
2021,all local authorities,e12000001,3173.1806486583
2021,all local authorities,e12000002,3525.810416644747
2021,all local authorities,e12000003,3468.826465337505
2021,all local authorities,e12000004,3680.531478910589
2021,all local authorities,e12000005,3662.143615046586
2021,all local authorities,e12000006,4091.192727018605
2021,all local authorities,e12000007,3483.717967779496
2021,all local authorities,e13000001,3257.250895924751
2021,all local authorities,e13000002,3653.281962743646
2021,all local authorities,e12000008,4070.86243410633
2021,all local authorities,e12000009,4015.911772250226
2021,hartlepool,e06000001,3067.764939160073
2021,middlesbrough,e06000002,3275.670574803941
2021,redcar and cleveland,e06000003,3041.429965313054
2021,stockton-on-tees,e06000004,3268.528373714192
2021,darlington,e06000005,3357.959076348628
2021,county durham,e06000047,3119.954995914735
2021,northumberland,e06000057,3712.539292995492
2021,newcastle upon tyne,e08000021,3185.756069097524
2021,north tyneside,e08000022,2971.270685725509
2021,south tyneside,e08000023,2789.758054410709
2021,sunderland,e08000024,3038.142057719951
2021,gateshead,e08000037,3009.172492794399
2021,halton,e06000006,3213.463473435853
2021,warrington,e06000007,3405.168219015779
2021,blackburn with darwen,e06000008,3478.212102677104
2021,blackpool,e06000009,3508.15938077303
2021,cheshire east,e06000049,4069.548779431183
2021,cheshire west and chester,e06000050,3711.551323261376
2021,cumberland,e06000063,3752.251004247335
2021,westmorland and furness,e06000064,4272.593725801192
2021,burnley,e07000117,3328.699057901428
2021,chorley,e07000118,3511.944660866522
2021,fylde,e07000119,3728.483248203088
2021,hyndburn,e07000120,3173.379795504482
2021,lancaster,e07000121,3602.188174620188
2021,pendle,e07000122,3306.495417788097
2021,preston,e07000123,3645.807406141071
2021,ribble valley,e07000124,4232.23569135711
2021,rossendale,e07000125,3543.052105195919
2021,south ribble,e07000126,3522.424868810462
2021,west lancashire,e07000127,3960.215560021363
2021,wyre,e07000128,3644.987663081427
2021,bolton,e08000001,3434.376641020601
2021,bury,e08000002,3461.236269106354
2021,manchester,e08000003,3705.128052046883
2021,oldham,e08000004,3256.89929760237
2021,rochdale,e08000005,3300.275890296843
2021,salford,e08000006,3823.383395646597
2021,stockport,e08000007,3612.224838965277
2021,tameside,e08000008,3263.880390509154
2021,trafford,e08000009,3777.321265666598
2021,wigan,e08000010,3247.381611413357
2021,knowsley,e08000011,3281.496313855301
2021,liverpool,e08000012,3010.766978936846
2021,st. helens,e08000013,3183.271415837889
2021,sefton,e08000014,3379.211454677161
2021,wirral,e08000015,3297.29666934607
2021,"kingston upon hull, city of",e06000010,3151.864908978912
2021,east riding of yorkshire,e06000011,3794.104661479795
2021,north east lincolnshire,e06000012,3278.950145419235
2021,north lincolnshire,e06000013,3403.095505971574
2021,york,e06000014,3486.950360543959
2021,north yorkshire,e06000065,4164.154154571685
2021,barnsley,e08000016,3138.068067335052
2021,doncaster,e08000017,3313.697659697237
2021,rotherham,e08000018,3231.380630347495
2021,sheffield,e08000019,3074.573412643697
2021,bradford,e08000032,3528.789700930458
2021,calderdale,e08000033,3466.814169434894
2021,kirklees,e08000034,3386.053988904539
2021,leeds,e08000035,3567.20772737668
2021,wakefield,e08000036,3234.22768866449
2021,derby,e06000015,3431.233741850932
2021,leicester,e06000016,3522.912529531756
2021,rutland,e06000017,4297.736226995288
2021,nottingham,e06000018,3326.669915793309
2021,north northamptonshire,e06000061,3677.586509291544
2021,west northamptonshire,e06000062,4055.105962964207
2021,amber valley,e07000032,3632.731405934328
2021,bolsover,e07000033,3310.596145117075
2021,chesterfield,e07000034,3122.039554690869
2021,derbyshire dales,e07000035,4355.737151170147
2021,erewash,e07000036,3356.334880946323
2021,high peak,e07000037,3642.354062293811
2021,north east derbyshire,e07000038,3467.967251302505
2021,south derbyshire,e07000039,3701.971558759195
2021,blaby,e07000129,3495.351634417693
2021,charnwood,e07000130,3469.576828333063
2021,harborough,e07000131,4300.660263142096
2021,hinckley and bosworth,e07000132,3591.882932428292
2021,melton,e07000133,4093.100060648721
2021,north west leicestershire,e07000134,3876.976259503864
2021,oadby and wigston,e07000135,3855.874270760722
2021,boston,e07000136,3867.885326614411
2021,east lindsey,e07000137,4179.273057931891
2021,lincoln,e07000138,3195.485788027779
2021,north kesteven,e07000139,3887.665992164767
2021,south holland,e07000140,4263.359628952981
2021,south kesteven,e07000141,3969.591135240637
2021,west lindsey,e07000142,3935.786643878064
2021,ashfield,e07000170,3232.424892081287
2021,bassetlaw,e07000171,3804.641139814391
2021,broxtowe,e07000172,3415.753694436012
2021,gedling,e07000173,3533.850301677644
2021,mansfield,e07000174,3308.391695831025
2021,newark and sherwood,e07000175,3889.937797015215
2021,rushcliffe,e07000176,3939.892880994228
2021,"herefordshire, county of",e06000019,4224.606801460762
2021,telford and wrekin,e06000020,3554.062246950521
2021,stoke-on-trent,e06000021,3162.04447182962
2021,shropshire,e06000051,3969.873361011566
2021,cannock chase,e07000192,3488.514197904924
2021,east staffordshire,e07000193,3749.435731780202
2021,lichfield,e07000194,4137.711725925589
2021,newcastle-under-lyme,e07000195,3281.584751657496
2021,south staffordshire,e07000196,3839.932624581426
2021,stafford,e07000197,3691.367620407624
2021,staffordshire moorlands,e07000198,3719.564254397569
2021,tamworth,e07000199,3666.681498195499
2021,north warwickshire,e07000218,3930.204580705529
2021,nuneaton and bedworth,e07000219,3545.182464231483
2021,rugby,e07000220,3924.223234569528
2021,stratford-on-avon,e07000221,4906.217672068249
2021,warwick,e07000222,4049.084485944727
2021,bromsgrove,e07000234,4042.793897702267
2021,malvern hills,e07000235,4380.189150442262
2021,redditch,e07000236,3564.141385429346
2021,worcester,e07000237,3492.640992815181
2021,wychavon,e07000238,4294.26977436717
2021,wyre forest,e07000239,3581.181616245082
2021,birmingham,e08000025,3579.92795905292
2021,coventry,e08000026,3053.123808250771
2021,dudley,e08000027,3416.208213112097
2021,sandwell,e08000028,3387.10631495442
2021,solihull,e08000029,3809.570539679119
2021,walsall,e08000030,3542.932994559121
2021,wolverhampton,e08000031,3540.458328587015
2021,peterborough,e06000031,3596.571760237045
2021,luton,e06000032,3509.54047353435
2021,southend-on-sea,e06000033,3654.342345047125
2021,thurrock,e06000034,3938.051726666677
2021,bedford,e06000055,4002.56312109361
2021,central bedfordshire,e06000056,3992.233297926236
2021,cambridge,e07000008,4105.570550308265
2021,east cambridgeshire,e07000009,4295.948502193753
2021,fenland,e07000010,4051.13351597497
2021,huntingdonshire,e07000011,4037.508349413204
2021,south cambridgeshire,e07000012,4617.269571589847
2021,basildon,e07000066,3874.800920472498
2021,braintree,e07000067,4183.001206433944
2021,brentwood,e07000068,4634.587143639519
2021,castle point,e07000069,4048.296436332013
2021,chelmsford,e07000070,4203.16473318795
2021,colchester,e07000071,3778.179354043264
2021,epping forest,e07000072,4565.091719345686
2021,harlow,e07000073,3602.831371510258
2021,maldon,e07000074,4810.268378712768
2021,rochford,e07000075,4138.124655080393
2021,tendring,e07000076,3878.701129157274
2021,uttlesford,e07000077,5006.191029659196
2021,broxbourne,e07000095,4026.406820922823
2021,dacorum,e07000096,3919.976922019787
2021,hertsmere,e07000098,4428.140897584586
2021,north hertfordshire,e07000099,4027.062513238916
2021,three rivers,e07000102,4301.919341657856
2021,watford,e07000103,3681.099769837629
2021,breckland,e07000143,4403.734862382389
2021,broadland,e07000144,4054.210905598426
2021,great yarmouth,e07000145,3878.058773879949
2021,king's lynn and west norfolk,e07000146,5086.070940328718
2021,north norfolk,e07000147,4951.570424943613
2021,norwich,e07000148,3123.547096362039
2021,south norfolk,e07000149,4411.192282794519
2021,babergh,e07000200,4443.715352269158
2021,ipswich,e07000202,3494.726637646275
2021,mid suffolk,e07000203,4674.302795637923
2021,st albans,e07000240,4282.201337888238
2021,welwyn hatfield,e07000241,3780.336241534752
2021,east hertfordshire,e07000242,4499.143322286154
2021,stevenage,e07000243,3362.892956077584
2021,east suffolk,e07000244,4104.078602271977
2021,west suffolk,e07000245,4230.819433126194
2021,city of london,e09000001,6306.338906162455
2021,camden,e09000007,2910.226455015852
2021,hackney,e09000012,2767.848887734827
2021,hammersmith and fulham,e09000013,3405.871472699007
2021,haringey,e09000014,3162.886911220302
2021,islington,e09000019,2825.51825574218
2021,kensington and chelsea,e09000020,4511.025791051318
2021,lambeth,e09000022,3027.009967500504
2021,lewisham,e09000023,3004.235013623355
2021,newham,e09000025,3285.746954669867
2021,southwark,e09000028,3224.815330532829
2021,tower hamlets,e09000030,3149.459304428221
2021,wandsworth,e09000032,3605.097441729924
2021,westminster,e09000033,3814.763463711879
2021,barking and dagenham,e09000002,3173.619948662335
2021,barnet,e09000003,4020.751569520882
2021,bexley,e09000004,3564.097725941715
2021,brent,e09000005,3550.369545119122
2021,bromley,e09000006,3728.938968105937
2021,croydon,e09000008,3675.909763619396
2021,ealing,e09000009,3783.444820728478
2021,enfield,e09000010,3541.899002273969
2021,greenwich,e09000011,3241.132615677637
2021,harrow,e09000015,3968.12942470746
2021,havering,e09000016,3610.767954220537
2021,hillingdon,e09000017,3794.134427304944
2021,hounslow,e09000018,3748.132517369173
2021,kingston upon thames,e09000021,3696.075358884829
2021,merton,e09000024,3824.011919328974
2021,redbridge,e09000026,3547.290481236139
2021,richmond upon thames,e09000027,3880.338464981189
2021,sutton,e09000029,3743.033203822579
2021,waltham forest,e09000031,3209.024785067348
2021,medway,e06000035,3598.605169709084
2021,bracknell forest,e06000036,4040.089624965394
2021,west berkshire,e06000037,4814.967208628076
2021,reading,e06000038,3871.514884008559
2021,slough,e06000039,3583.87771255427
2021,windsor and maidenhead,e06000040,4549.463099152076
2021,wokingham,e06000041,4321.395411151851
2021,milton keynes,e06000042,3857.662730964292
2021,brighton and hove,e06000043,3258.493202161576
2021,portsmouth,e06000044,3197.447038380733
2021,southampton,e06000045,3711.70781774948
2021,isle of wight,e06000046,3879.637337639766
2021,buckinghamshire,e06000060,4614.091547237545
2021,eastbourne,e07000061,3278.93985828083
2021,hastings,e07000062,3234.503471393171
2021,lewes,e07000063,3860.597831267202
2021,rother,e07000064,4197.483526858996
2021,wealden,e07000065,4543.71683224334
2021,basingstoke and deane,e07000084,4208.998214026901
2021,east hampshire,e07000085,4684.812863218765
2021,eastleigh,e07000086,3617.996965944464
2021,fareham,e07000087,3580.82714463224
2021,gosport,e07000088,3385.353987862816
2021,hart,e07000089,4500.42873637924
2021,havant,e07000090,3568.040072841599
2021,new forest,e07000091,4021.785266295921
2021,rushmoor,e07000092,3746.682294761213
2021,test valley,e07000093,4535.215632738328
2021,winchester,e07000094,4644.75440305991
2021,ashford,e07000105,4089.012985308448
2021,canterbury,e07000106,3558.928582510789
2021,dartford,e07000107,3579.336396631817
2021,dover,e07000108,3381.970951535377
2021,gravesham,e07000109,3653.257243156889
2021,maidstone,e07000110,4017.259058555635
2021,sevenoaks,e07000111,4768.176545097173
2021,folkestone and hythe,e07000112,3503.74689065568
2021,swale,e07000113,3630.019545978268
2021,thanet,e07000114,3441.408604430332
2021,tonbridge and malling,e07000115,4053.366887839637
2021,tunbridge wells,e07000116,4399.613920530185
2021,cherwell,e07000177,4463.702528464352
2021,oxford,e07000178,3802.613004931587
2021,south oxfordshire,e07000179,5029.263522924997
2021,vale of white horse,e07000180,4307.081179113015
2021,west oxfordshire,e07000181,4759.666710668771
2021,elmbridge,e07000207,5106.64497787859
2021,epsom and ewell,e07000208,4113.921266715358
2021,guildford,e07000209,4471.669675648721
2021,mole valley,e07000210,4651.875835834364
2021,reigate and banstead,e07000211,4314.195567871911
2021,runnymede,e07000212,4454.414665482471
2021,spelthorne,e07000213,4146.513629106881
2021,surrey heath,e07000214,4616.398417483855
2021,tandridge,e07000215,4790.097210060641
2021,waverley,e07000216,4952.85461031504
2021,woking,e07000217,4618.022919329854
2021,adur,e07000223,3603.246392337563
2021,arun,e07000224,3776.299381223656
2021,chichester,e07000225,4843.645457226487
2021,crawley,e07000226,3456.197404845133
2021,horsham,e07000227,4534.805173574863
2021,mid sussex,e07000228,4297.430007249203
2021,worthing,e07000229,3497.851703905653
2021,bath and north east somerset,e06000022,3933.330117337994
2021,"bristol, city of",e06000023,3340.359433851769
2021,north somerset,e06000024,3580.437827392517
2021,south gloucestershire,e06000025,3667.716234122155
2021,plymouth,e06000026,3306.393046153436
2021,torbay,e06000027,3543.987745465472
2021,swindon,e06000030,3536.444651783774
2021,cornwall,e06000052,4916.239173822788
2021,isles of scilly,e06000053,8648.529090909089
2021,wiltshire,e06000054,4457.097317194231
2021,"bournemouth, christchurch and poole",e06000058,3628.108726412665
2021,dorset,e06000059,4123.896706360686
2021,somerset,e06000066,4113.445362847363
2021,east devon,e07000040,3982.693385729874
2021,exeter,e07000041,3157.206792849289
2021,mid devon,e07000042,4269.40800682408
2021,north devon,e07000043,4240.645465329243
2021,south hams,e07000044,5086.317281714764
2021,teignbridge,e07000045,3952.700465803671
2021,torridge,e07000046,4280.710426784401
2021,west devon,e07000047,4528.698858671952
2021,cheltenham,e07000078,3692.211104728186
2021,cotswold,e07000079,5449.996761113846
2021,forest of dean,e07000080,4479.846690376006
2021,gloucester,e07000081,3604.168139339698
2021,stroud,e07000082,4305.8672136147125
2021,tewkesbury,e07000083,3915.202659180658
2022,all local authorities,e92000001,3400.89800347206
2022,all local authorities,e12000001,2906.116666099941
2022,all local authorities,e12000002,3210.081962794041
2022,all local authorities,e12000003,3136.815938063941
2022,all local authorities,e12000004,3339.668500221905
2022,all local authorities,e12000005,3328.448220022743
2022,all local authorities,e12000006,3719.616730833608
2022,all local authorities,e12000007,3248.088689170471
2022,all local authorities,e13000001,3055.360369655053
2022,all local authorities,e13000002,3392.861476329211
2022,all local authorities,e12000008,3717.769514113954
2022,all local authorities,e12000009,3647.939757216336
2022,hartlepool,e06000001,2809.859523205056
2022,middlesbrough,e06000002,3057.773217520163
2022,redcar and cleveland,e06000003,2744.537854558022
2022,stockton-on-tees,e06000004,2980.89707821706
2022,darlington,e06000005,3060.526272527406
2022,county durham,e06000047,2845.41163853082
2022,northumberland,e06000057,3354.907766054906
2022,newcastle upon tyne,e08000021,2995.12845060163
2022,north tyneside,e08000022,2712.180917442503
2022,south tyneside,e08000023,2526.622044301308
2022,sunderland,e08000024,2806.859857653146
2022,gateshead,e08000037,2762.242782760535
2022,halton,e06000006,2862.313381152067
2022,warrington,e06000007,3088.352213463559
2022,blackburn with darwen,e06000008,3216.477604186194
2022,blackpool,e06000009,3222.971814370389
2022,cheshire east,e06000049,3667.23874653644
2022,cheshire west and chester,e06000050,3357.335784122058
2022,cumberland,e06000063,3393.491581220279
2022,westmorland and furness,e06000064,3835.273244630096
2022,burnley,e07000117,3040.714975848524
2022,chorley,e07000118,3126.877415410816
2022,fylde,e07000119,3355.920357743621
2022,hyndburn,e07000120,2896.776944736176
2022,lancaster,e07000121,3244.812374915973
2022,pendle,e07000122,3023.772400304656
2022,preston,e07000123,3403.183692681535
2022,ribble valley,e07000124,3783.337509195031
2022,rossendale,e07000125,3217.635572749734
2022,south ribble,e07000126,3182.675162147043
2022,west lancashire,e07000127,3585.519315963346
2022,wyre,e07000128,3275.495624820507
2022,bolton,e08000001,3126.8511603423
2022,bury,e08000002,3139.534410559691
2022,manchester,e08000003,3474.96846456678
2022,oldham,e08000004,2965.04814821356
2022,rochdale,e08000005,2994.332060911411
2022,salford,e08000006,3541.877543692886
2022,stockport,e08000007,3267.973135131133
2022,tameside,e08000008,2963.648023941543
2022,trafford,e08000009,3428.136616705396
2022,wigan,e08000010,2943.324483899128
2022,knowsley,e08000011,2999.925512436369
2022,liverpool,e08000012,2778.543639778061
2022,st. helens,e08000013,2880.295554042732
2022,sefton,e08000014,3066.445181262942
2022,wirral,e08000015,2991.509661078947
2022,"kingston upon hull, city of",e06000010,2882.772985551385
2022,east riding of yorkshire,e06000011,3365.506726422997
2022,north east lincolnshire,e06000012,2947.43533165256
2022,north lincolnshire,e06000013,3011.848852654808
2022,york,e06000014,3142.547385581005
2022,north yorkshire,e06000065,3743.812788526483
2022,barnsley,e08000016,2793.109713070486
2022,doncaster,e08000017,2971.514162084436
2022,rotherham,e08000018,2908.086286030125
2022,sheffield,e08000019,2823.557393134116
2022,bradford,e08000032,3236.47846749309
2022,calderdale,e08000033,3147.735785858789
2022,kirklees,e08000034,3056.750829787161
2022,leeds,e08000035,3260.192543487983
2022,wakefield,e08000036,2907.192322072977
2022,derby,e06000015,3181.785777181946
2022,leicester,e06000016,3299.127664421808
2022,rutland,e06000017,3884.097009244369
2022,nottingham,e06000018,3091.814370159582
2022,north northamptonshire,e06000061,3338.844971856689
2022,west northamptonshire,e06000062,3727.324969581277
2022,amber valley,e07000032,3268.582004382904
2022,bolsover,e07000033,2980.926684731623
2022,chesterfield,e07000034,2839.273214646063
2022,derbyshire dales,e07000035,3898.239591605762
2022,erewash,e07000036,3014.5515168364
2022,high peak,e07000037,3234.575783266895
2022,north east derbyshire,e07000038,3105.130007480558
2022,south derbyshire,e07000039,3347.572620062784
2022,blaby,e07000129,3108.928121938659
2022,charnwood,e07000130,3109.418959755997
2022,harborough,e07000131,3878.20579634154
2022,hinckley and bosworth,e07000132,3222.530982843042
2022,melton,e07000133,3693.857050405076
2022,north west leicestershire,e07000134,3471.530217083743
2022,oadby and wigston,e07000135,3514.289136445931
2022,boston,e07000136,3512.166888818055
2022,east lindsey,e07000137,3732.746576143134
2022,lincoln,e07000138,2943.188129566748
2022,north kesteven,e07000139,3499.814847759395
2022,south holland,e07000140,3857.031021177276
2022,south kesteven,e07000141,3587.668239870318
2022,west lindsey,e07000142,3524.475183148176
2022,ashfield,e07000170,2904.173003577675
2022,bassetlaw,e07000171,3435.945702073871
2022,broxtowe,e07000172,3059.586895822019
2022,gedling,e07000173,3177.105927839118
2022,mansfield,e07000174,2977.241531756853
2022,newark and sherwood,e07000175,3478.660628896655
2022,rushcliffe,e07000176,3575.953189459982
2022,"herefordshire, county of",e06000019,3769.05791526097
2022,telford and wrekin,e06000020,3202.41240138444
2022,stoke-on-trent,e06000021,2883.662457193584
2022,shropshire,e06000051,3519.326243166808
2022,cannock chase,e07000192,3101.146118709433
2022,east staffordshire,e07000193,3435.560514469339
2022,lichfield,e07000194,3729.042534715567
2022,newcastle-under-lyme,e07000195,2959.344696773684
2022,south staffordshire,e07000196,3416.5852375891
2022,stafford,e07000197,3276.237881624947
2022,staffordshire moorlands,e07000198,3274.140638151642
2022,tamworth,e07000199,3325.547197649013
2022,north warwickshire,e07000218,3530.687605823893
2022,nuneaton and bedworth,e07000219,3231.469715092003
2022,rugby,e07000220,3619.129661521883
2022,stratford-on-avon,e07000221,4451.62088753107
2022,warwick,e07000222,3757.423329575174
2022,bromsgrove,e07000234,3637.845639513705
2022,malvern hills,e07000235,3928.998391862988
2022,redditch,e07000236,3210.325643427264
2022,worcester,e07000237,3168.40663834049
2022,wychavon,e07000238,3818.371045758682
2022,wyre forest,e07000239,3221.194743183494
2022,birmingham,e08000025,3324.17925596753
2022,coventry,e08000026,2823.516892022915
2022,dudley,e08000027,3090.915108454203
2022,sandwell,e08000028,3111.065260176656
2022,solihull,e08000029,3462.858315785988
2022,walsall,e08000030,3210.47393712133
2022,wolverhampton,e08000031,3242.113823202108
2022,peterborough,e06000031,3293.289296623034
2022,luton,e06000032,3318.874607179784
2022,southend-on-sea,e06000033,3298.488145015152
2022,thurrock,e06000034,3569.526445425092
2022,bedford,e06000055,3685.934602526306
2022,central bedfordshire,e06000056,3623.474241003804
2022,cambridge,e07000008,3896.457926375725
2022,east cambridgeshire,e07000009,3943.899440050044
2022,fenland,e07000010,3656.313853052725
2022,huntingdonshire,e07000011,3672.239120022577
2022,south cambridgeshire,e07000012,4267.164452509484
2022,basildon,e07000066,3478.368326608372
2022,braintree,e07000067,3804.868186206341
2022,brentwood,e07000068,4224.642757629762
2022,castle point,e07000069,3598.975946425718
2022,chelmsford,e07000070,3817.682368360077
2022,colchester,e07000071,3418.466833709418
2022,epping forest,e07000072,4144.176397125651
2022,harlow,e07000073,3314.580685307279
2022,maldon,e07000074,4301.018859593994
2022,rochford,e07000075,3650.110591209589
2022,tendring,e07000076,3470.016503912239
2022,uttlesford,e07000077,4541.755098877315
2022,broxbourne,e07000095,3690.200371163312
2022,dacorum,e07000096,3600.258607318763
2022,hertsmere,e07000098,4097.658024533312
2022,north hertfordshire,e07000099,3681.075643151509
2022,three rivers,e07000102,3963.489387011159
2022,watford,e07000103,3470.019969900248
2022,breckland,e07000143,3998.955650568376
2022,broadland,e07000144,3625.614637416589
2022,great yarmouth,e07000145,3466.64950898327
2022,king's lynn and west norfolk,e07000146,4586.347182360127
2022,north norfolk,e07000147,4350.856145423797
2022,norwich,e07000148,2854.340684755835
2022,south norfolk,e07000149,3936.854679223233
2022,babergh,e07000200,4000.705429057271
2022,ipswich,e07000202,3192.353300513408
2022,mid suffolk,e07000203,4244.017310065402
2022,st albans,e07000240,3933.168756532254
2022,welwyn hatfield,e07000241,3472.538364755439
2022,east hertfordshire,e07000242,4114.825388556248
2022,stevenage,e07000243,3053.529000648174
2022,east suffolk,e07000244,3659.587463012764
2022,west suffolk,e07000245,3864.682942812816
2022,city of london,e09000001,5958.198541608554
2022,camden,e09000007,2699.388997086662
2022,hackney,e09000012,2599.299072028502
2022,hammersmith and fulham,e09000013,3191.472540866723
2022,haringey,e09000014,3000.718200215719
2022,islington,e09000019,2619.09423964751
2022,kensington and chelsea,e09000020,4254.309969450433
2022,lambeth,e09000022,2839.018984068663
2022,lewisham,e09000023,2812.100673708735
2022,newham,e09000025,3107.995972857798
2022,southwark,e09000028,3015.875179042976
2022,tower hamlets,e09000030,2945.224418785903
2022,wandsworth,e09000032,3371.722360683422
2022,westminster,e09000033,3609.08232823057
2022,barking and dagenham,e09000002,2967.553546590907
2022,barnet,e09000003,3769.291617460668
2022,bexley,e09000004,3245.287700904866
2022,brent,e09000005,3373.335396410145
2022,bromley,e09000006,3408.704568301206
2022,croydon,e09000008,3417.834889565887
2022,ealing,e09000009,3598.658023376053
2022,enfield,e09000010,3312.786395976352
2022,greenwich,e09000011,3012.39152842267
2022,harrow,e09000015,3672.520692302384
2022,havering,e09000016,3288.358200442361
2022,hillingdon,e09000017,3525.866192080702
2022,hounslow,e09000018,3516.637252450431
2022,kingston upon thames,e09000021,3394.875953222697
2022,merton,e09000024,3571.754162876472
2022,redbridge,e09000026,3273.528892987816
2022,richmond upon thames,e09000027,3531.62436467934
2022,sutton,e09000029,3430.183733672648
2022,waltham forest,e09000031,2995.349244038957
2022,medway,e06000035,3300.219093202351
2022,bracknell forest,e06000036,3662.733409682991
2022,west berkshire,e06000037,4402.150490427182
2022,reading,e06000038,3620.473657553669
2022,slough,e06000039,3366.732436794758
2022,windsor and maidenhead,e06000040,4185.607332487736
2022,wokingham,e06000041,3924.195160427582
2022,milton keynes,e06000042,3591.944796841279
2022,brighton and hove,e06000043,3015.506390850955
2022,portsmouth,e06000044,2944.738442819496
2022,southampton,e06000045,3467.470311762892
2022,isle of wight,e06000046,3484.632331248451
2022,buckinghamshire,e06000060,4223.659610244803
2022,eastbourne,e07000061,3014.539410075424
2022,hastings,e07000062,2980.327257575341
2022,lewes,e07000063,3534.868072747098
2022,rother,e07000064,3773.747376474281
2022,wealden,e07000065,4098.563117206896
2022,basingstoke and deane,e07000084,3867.615842322723
2022,east hampshire,e07000085,4263.610024414857
2022,eastleigh,e07000086,3276.718414998083
2022,fareham,e07000087,3196.461666613692
2022,gosport,e07000088,3054.704337423156
2022,hart,e07000089,4091.958517074573
2022,havant,e07000090,3175.760879735071
2022,new forest,e07000091,3632.52516593471
2022,rushmoor,e07000092,3438.957697920563
2022,test valley,e07000093,4122.032666535649
2022,winchester,e07000094,4264.310872333801
2022,ashford,e07000105,3684.033632036633
2022,canterbury,e07000106,3235.376373079739
2022,dartford,e07000107,3263.267004570837
2022,dover,e07000108,3027.949667974694
2022,gravesham,e07000109,3342.86504821901
2022,maidstone,e07000110,3656.752633128598
2022,sevenoaks,e07000111,4312.151279974411
2022,folkestone and hythe,e07000112,3131.934647563004
2022,swale,e07000113,3258.032687928734
2022,thanet,e07000114,3093.080569419153
2022,tonbridge and malling,e07000115,3659.963380768181
2022,tunbridge wells,e07000116,4022.124135492283
2022,cherwell,e07000177,4085.307195337783
2022,oxford,e07000178,3593.478351976997
2022,south oxfordshire,e07000179,4600.837972881404
2022,vale of white horse,e07000180,3894.04178039852
2022,west oxfordshire,e07000181,4349.339780053507
2022,elmbridge,e07000207,4694.444086302348
2022,epsom and ewell,e07000208,3749.3237325677
2022,guildford,e07000209,4154.485864895155
2022,mole valley,e07000210,4242.748484515521
2022,reigate and banstead,e07000211,3935.776800102742
2022,runnymede,e07000212,4085.946871339188
2022,spelthorne,e07000213,3807.364641580038
2022,surrey heath,e07000214,4193.259534772248
2022,tandridge,e07000215,4325.255175758257
2022,waverley,e07000216,4576.638137326054
2022,woking,e07000217,4233.782019938596
2022,adur,e07000223,3256.346315351404
2022,arun,e07000224,3411.546532719991
2022,chichester,e07000225,4432.337978485074
2022,crawley,e07000226,3164.665402781429
2022,horsham,e07000227,4105.836488509177
2022,mid sussex,e07000228,3939.460422849315
2022,worthing,e07000229,3167.942946497845
2022,bath and north east somerset,e06000022,3584.935848040328
2022,"bristol, city of",e06000023,3078.263711484952
2022,north somerset,e06000024,3259.260181564198
2022,south gloucestershire,e06000025,3324.647148840338
2022,plymouth,e06000026,3025.331980658885
2022,torbay,e06000027,3239.536731462302
2022,swindon,e06000030,3215.281559014979
2022,cornwall,e06000052,4392.507203876971
2022,isles of scilly,e06000053,7895.954406580498
2022,wiltshire,e06000054,4057.557479363436
2022,"bournemouth, christchurch and poole",e06000058,3325.190907912543
2022,dorset,e06000059,3744.736794441579
2022,somerset,e06000066,3755.03237777796
2022,east devon,e07000040,3599.813146571436
2022,exeter,e07000041,2919.150475929759
2022,mid devon,e07000042,3883.346329088619
2022,north devon,e07000043,3817.575027018938
2022,south hams,e07000044,4559.196673222114
2022,teignbridge,e07000045,3585.555043801652
2022,torridge,e07000046,3837.224704010624
2022,west devon,e07000047,4090.05065169213
2022,cheltenham,e07000078,3377.885666052811
2022,cotswold,e07000079,4946.672332290966
2022,forest of dean,e07000080,4029.922166308295
2022,gloucester,e07000081,3273.835402241169
2022,stroud,e07000082,3884.192618649512
2022,tewkesbury,e07000083,3510.540137830058
2023,all local authorities,e92000001,3462.171863479507
2023,all local authorities,e12000001,2954.452350087126
2023,all local authorities,e12000002,3318.179613847241
2023,all local authorities,e12000003,3216.769086289565
2023,all local authorities,e12000004,3395.293374994144
2023,all local authorities,e12000005,3409.195883177149
2023,all local authorities,e12000006,3749.254387231795
2023,all local authorities,e12000007,3278.537927912815
2023,all local authorities,e13000001,3080.505519738719
2023,all local authorities,e13000002,3427.675641515769
2023,all local authorities,e12000008,3766.70209927159
2023,all local authorities,e12000009,3718.665592955271
2023,hartlepool,e06000001,2842.523695700272
2023,middlesbrough,e06000002,3126.556041169897
2023,redcar and cleveland,e06000003,2813.608707692073
2023,stockton-on-tees,e06000004,3027.357879561615
2023,darlington,e06000005,3078.589564330028
2023,county durham,e06000047,2899.050778993811
2023,northumberland,e06000057,3417.13308463291
2023,newcastle upon tyne,e08000021,3041.806983428571
2023,north tyneside,e08000022,2747.674140373775
2023,south tyneside,e08000023,2567.646084748853
2023,sunderland,e08000024,2853.438575099079
2023,gateshead,e08000037,2794.914420432679
2023,halton,e06000006,2971.606221001384
2023,warrington,e06000007,3195.336972349122
2023,blackburn with darwen,e06000008,3351.111090950007
2023,blackpool,e06000009,3307.154037875893
2023,cheshire east,e06000049,3783.074193505384
2023,cheshire west and chester,e06000050,3446.661988537713
2023,cumberland,e06000063,3530.908085655455
2023,westmorland and furness,e06000064,3964.000322412236
2023,burnley,e07000117,3164.336846962638
2023,chorley,e07000118,3225.445060456308
2023,fylde,e07000119,3421.798278265852
2023,hyndburn,e07000120,3007.652336076346
2023,lancaster,e07000121,3347.265144975296
2023,pendle,e07000122,3150.897227364614
2023,preston,e07000123,3571.060312313933
2023,ribble valley,e07000124,3886.333735450105
2023,rossendale,e07000125,3332.537701001791
2023,south ribble,e07000126,3332.638645057496
2023,west lancashire,e07000127,3717.487527644275
2023,wyre,e07000128,3386.038061048901
2023,bolton,e08000001,3228.147666740359
2023,bury,e08000002,3250.6967501416502
2023,manchester,e08000003,3588.36742234856
2023,oldham,e08000004,3060.626233005904
2023,rochdale,e08000005,3094.035929373551
2023,salford,e08000006,3686.404307625862
2023,stockport,e08000007,3371.243246995487
2023,tameside,e08000008,3080.515668950286
2023,trafford,e08000009,3544.073101028832
2023,wigan,e08000010,3048.268691064284
2023,knowsley,e08000011,3111.640965560105
2023,liverpool,e08000012,2854.731889175335
2023,st. helens,e08000013,2964.65015655559
2023,sefton,e08000014,3153.084690531957
2023,wirral,e08000015,3085.398202882599
2023,"kingston upon hull, city of",e06000010,2961.850543683451
2023,east riding of yorkshire,e06000011,3458.459059709522
2023,north east lincolnshire,e06000012,2998.013728138035
2023,north lincolnshire,e06000013,3112.046509194059
2023,york,e06000014,3180.333029562064
2023,north yorkshire,e06000065,3795.623100936386
2023,barnsley,e08000016,2884.524736322189
2023,doncaster,e08000017,3055.449104525392
2023,rotherham,e08000018,3019.203206857718
2023,sheffield,e08000019,2895.003362048967
2023,bradford,e08000032,3327.208682073064
2023,calderdale,e08000033,3238.222294113843
2023,kirklees,e08000034,3155.448953787453
2023,leeds,e08000035,3346.403926907622
2023,wakefield,e08000036,2975.745829316228
2023,derby,e06000015,3246.33320200836
2023,leicester,e06000016,3333.253747066042
2023,rutland,e06000017,3923.134471779442
2023,nottingham,e06000018,3155.963260489102
2023,north northamptonshire,e06000061,3372.67741783073
2023,west northamptonshire,e06000062,3737.664687956575
2023,amber valley,e07000032,3358.653734823304
2023,bolsover,e07000033,3083.224224736514
2023,chesterfield,e07000034,2933.233607502593
2023,derbyshire dales,e07000035,3937.112636604691
2023,erewash,e07000036,3080.427548800134
2023,high peak,e07000037,3327.714149206964
2023,north east derbyshire,e07000038,3213.499729264842
2023,south derbyshire,e07000039,3419.218029764832
2023,blaby,e07000129,3141.380992536867
2023,charnwood,e07000130,3154.042236062339
2023,harborough,e07000131,3939.432203964337
2023,hinckley and bosworth,e07000132,3302.025670552225
2023,melton,e07000133,3808.623990855651
2023,north west leicestershire,e07000134,3518.721303686834
2023,oadby and wigston,e07000135,3572.205537650236
2023,boston,e07000136,3492.853580049813
2023,east lindsey,e07000137,3748.542353230961
2023,lincoln,e07000138,2980.228825897781
2023,north kesteven,e07000139,3555.487621117445
2023,south holland,e07000140,3857.315688311709
2023,south kesteven,e07000141,3616.805000171733
2023,west lindsey,e07000142,3599.088162543346
2023,ashfield,e07000170,2972.909303428125
2023,bassetlaw,e07000171,3523.085588394616
2023,broxtowe,e07000172,3134.084716808313
2023,gedling,e07000173,3264.25901659303
2023,mansfield,e07000174,3064.362045050576
2023,newark and sherwood,e07000175,3549.695546647129
2023,rushcliffe,e07000176,3669.732282100759
2023,"herefordshire, county of",e06000019,3810.190133136362
2023,telford and wrekin,e06000020,3341.14767738391
2023,stoke-on-trent,e06000021,3007.726058825627
2023,shropshire,e06000051,3595.805537910637
2023,cannock chase,e07000192,3208.328816134865
2023,east staffordshire,e07000193,3491.222319891915
2023,lichfield,e07000194,3868.097905602583
2023,newcastle-under-lyme,e07000195,3066.608154408386
2023,south staffordshire,e07000196,3551.183665715494
2023,stafford,e07000197,3381.804945352486
2023,staffordshire moorlands,e07000198,3431.057629633807
2023,tamworth,e07000199,3393.095439057331
2023,north warwickshire,e07000218,3562.079637197447
2023,nuneaton and bedworth,e07000219,3309.564172635094
2023,rugby,e07000220,3679.361041041188
2023,stratford-on-avon,e07000221,4453.383905908579
2023,warwick,e07000222,3757.34070307996
2023,bromsgrove,e07000234,3726.72899325291
2023,malvern hills,e07000235,3975.623631285846
2023,redditch,e07000236,3297.730505920072
2023,worcester,e07000237,3232.365675122221
2023,wychavon,e07000238,3833.269608410577
2023,wyre forest,e07000239,3305.389891522596
2023,birmingham,e08000025,3421.815698759744
2023,coventry,e08000026,2834.4230342779
2023,dudley,e08000027,3187.94247738978
2023,sandwell,e08000028,3202.695473370178
2023,solihull,e08000029,3537.594877735839
2023,walsall,e08000030,3309.128563540737
2023,wolverhampton,e08000031,3310.102246518073
2023,peterborough,e06000031,3334.956922344202
2023,luton,e06000032,3386.165449274798
2023,southend-on-sea,e06000033,3324.641232497071
2023,thurrock,e06000034,3583.398671481873
2023,bedford,e06000055,3698.613742460054
2023,central bedfordshire,e06000056,3682.277985374692
2023,cambridge,e07000008,3925.160878536786
2023,east cambridgeshire,e07000009,3942.526631641618
2023,fenland,e07000010,3652.477470848872
2023,huntingdonshire,e07000011,3692.019928325736
2023,south cambridgeshire,e07000012,4268.971973407269
2023,basildon,e07000066,3521.23141689881
2023,braintree,e07000067,3857.042047612967
2023,brentwood,e07000068,4333.280215559712
2023,castle point,e07000069,3663.386188196572
2023,chelmsford,e07000070,3859.82072042073
2023,colchester,e07000071,3441.264933768332
2023,epping forest,e07000072,4199.165609337211
2023,harlow,e07000073,3420.31658207417
2023,maldon,e07000074,4317.398391924997
2023,rochford,e07000075,3722.521570818319
2023,tendring,e07000076,3533.866363856171
2023,uttlesford,e07000077,4547.683816966575
2023,broxbourne,e07000095,3759.577154192818
2023,dacorum,e07000096,3663.480270924916
2023,hertsmere,e07000098,4150.272245161745
2023,north hertfordshire,e07000099,3678.692607189549
2023,three rivers,e07000102,4005.586180161788
2023,watford,e07000103,3507.872282571118
2023,breckland,e07000143,3980.005787957097
2023,broadland,e07000144,3661.124682371482
2023,great yarmouth,e07000145,3532.151646042274
2023,king's lynn and west norfolk,e07000146,4541.545884362474
2023,north norfolk,e07000147,4306.420151804253
2023,norwich,e07000148,2924.914905457379
2023,south norfolk,e07000149,3914.984047134029
2023,babergh,e07000200,4027.255795482781
2023,ipswich,e07000202,3210.415833285339
2023,mid suffolk,e07000203,4306.522241019779
2023,st albans,e07000240,3967.914516313294
2023,welwyn hatfield,e07000241,3505.939944951318
2023,east hertfordshire,e07000242,4125.07828364538
2023,stevenage,e07000243,3112.850641851706
2023,east suffolk,e07000244,3643.374844446208
2023,west suffolk,e07000245,3857.271409285947
2023,city of london,e09000001,5910.163058687617
2023,camden,e09000007,2700.667524823637
2023,hackney,e09000012,2655.909858989107
2023,hammersmith and fulham,e09000013,3209.92833468546
2023,haringey,e09000014,3020.877858934673
2023,islington,e09000019,2642.844425562083
2023,kensington and chelsea,e09000020,4237.619054247138
2023,lambeth,e09000022,2877.074932083937
2023,lewisham,e09000023,2860.809865673429
2023,newham,e09000025,3157.621132986237
2023,southwark,e09000028,3033.817897804817
2023,tower hamlets,e09000030,2970.419601074634
2023,wandsworth,e09000032,3433.804209911435
2023,westminster,e09000033,3575.850157326721
2023,barking and dagenham,e09000002,3050.312020936835
2023,barnet,e09000003,3764.884944679599
2023,bexley,e09000004,3316.208732574204
2023,brent,e09000005,3381.390843596812
2023,bromley,e09000006,3446.568316022899
2023,croydon,e09000008,3455.369976326511
2023,ealing,e09000009,3670.068055270222
2023,enfield,e09000010,3320.69033462399
2023,greenwich,e09000011,3037.172657345046
2023,harrow,e09000015,3698.795588143763
2023,havering,e09000016,3360.378678394347
2023,hillingdon,e09000017,3566.463052364272
2023,hounslow,e09000018,3567.878071057093
2023,kingston upon thames,e09000021,3403.476414365334
2023,merton,e09000024,3619.632945831109
2023,redbridge,e09000026,3347.646062322268
2023,richmond upon thames,e09000027,3522.876766937574
2023,sutton,e09000029,3412.879433626723
2023,waltham forest,e09000031,3034.217175122623
2023,medway,e06000035,3379.436134617578
2023,bracknell forest,e06000036,3747.086703503318
2023,west berkshire,e06000037,4410.382795723696
2023,reading,e06000038,3707.651748121533
2023,slough,e06000039,3434.496065403553
2023,windsor and maidenhead,e06000040,4259.599732939467
2023,wokingham,e06000041,3959.620686983483
2023,milton keynes,e06000042,3660.139126821338
2023,brighton and hove,e06000043,3075.710389375702
2023,portsmouth,e06000044,3006.623373118084
2023,southampton,e06000045,3499.19042770537
2023,isle of wight,e06000046,3507.386972998577
2023,buckinghamshire,e06000060,4261.914327761756
2023,eastbourne,e07000061,3035.782072515985
2023,hastings,e07000062,3018.318816529481
2023,lewes,e07000063,3543.617392288394
2023,rother,e07000064,3763.606196820209
2023,wealden,e07000065,4147.705334972536
2023,basingstoke and deane,e07000084,3945.283239449057
2023,east hampshire,e07000085,4328.490603806244
2023,eastleigh,e07000086,3367.479099490824
2023,fareham,e07000087,3297.678189029945
2023,gosport,e07000088,3112.292684983002
2023,hart,e07000089,4175.462956194125
2023,havant,e07000090,3275.238670831425
2023,new forest,e07000091,3672.28353377361
2023,rushmoor,e07000092,3543.503870167151
2023,test valley,e07000093,4119.699447195178
2023,winchester,e07000094,4328.347834550081
2023,ashford,e07000105,3734.088920494728
2023,canterbury,e07000106,3277.258299608361
2023,dartford,e07000107,3325.972123449617
2023,dover,e07000108,3078.216918824216
2023,gravesham,e07000109,3414.186582769231
2023,maidstone,e07000110,3715.535176612869
2023,sevenoaks,e07000111,4330.096152339786
2023,folkestone and hythe,e07000112,3196.589404112506
2023,swale,e07000113,3299.121557487208
2023,thanet,e07000114,3142.85683995381
2023,tonbridge and malling,e07000115,3698.43032773018
2023,tunbridge wells,e07000116,4076.696925383399
2023,cherwell,e07000177,4148.760799148153
2023,oxford,e07000178,3668.605398190376
2023,south oxfordshire,e07000179,4655.668952371228
2023,vale of white horse,e07000180,3975.177273003571
2023,west oxfordshire,e07000181,4395.06103867129
2023,elmbridge,e07000207,4675.20247703955
2023,epsom and ewell,e07000208,3759.362126552905
2023,guildford,e07000209,4202.837250577162
2023,mole valley,e07000210,4214.928269362371
2023,reigate and banstead,e07000211,3976.869799457244
2023,runnymede,e07000212,4134.095982737506
2023,spelthorne,e07000213,3875.683668009929
2023,surrey heath,e07000214,4269.338960366291
2023,tandridge,e07000215,4379.286960211034
2023,waverley,e07000216,4631.940543454196
2023,woking,e07000217,4227.575382285185
2023,adur,e07000223,3253.458566873877
2023,arun,e07000224,3459.106274059513
2023,chichester,e07000225,4472.89861717528
2023,crawley,e07000226,3215.401116943976
2023,horsham,e07000227,4076.614409618377
2023,mid sussex,e07000228,4002.161554880343
2023,worthing,e07000229,3179.257046118247
2023,bath and north east somerset,e06000022,3672.467946841097
2023,"bristol, city of",e06000023,3168.454128859065
2023,north somerset,e06000024,3395.622475579193
2023,south gloucestershire,e06000025,3436.176414047944
2023,plymouth,e06000026,3168.6887062484
2023,torbay,e06000027,3289.161878497543
2023,swindon,e06000030,3292.245312184287
2023,cornwall,e06000052,4523.101779706188
2023,isles of scilly,e06000053,8664.572019464713
2023,wiltshire,e06000054,4056.882996154296
2023,"bournemouth, christchurch and poole",e06000058,3355.273678199919
2023,dorset,e06000059,3783.731620154531
2023,somerset,e06000066,3797.251859409202
2023,east devon,e07000040,3630.70950126092
2023,exeter,e07000041,2973.605960237524
2023,mid devon,e07000042,3979.673736895339
2023,north devon,e07000043,3919.11351036169
2023,south hams,e07000044,4676.367432209978
2023,teignbridge,e07000045,3618.020481769144
2023,torridge,e07000046,3963.838143759972
2023,west devon,e07000047,4227.698421991429
2023,cheltenham,e07000078,3427.883413714686
2023,cotswold,e07000079,4934.289803562959
2023,forest of dean,e07000080,4054.307206760588
2023,gloucester,e07000081,3330.940473457415
2023,stroud,e07000082,3931.513467481811
2023,tewkesbury,e07000083,3590.030115412535
